id;6;time;11:42:01;temp;19.01
id;7;time;11:56:00;temp;13.39
id;4;time;12:01:10;temp;20.94
id;3;time;12:03:32;temp;20.98
id;6;time;12:08:48;temp;19.35
id;7;time;12:26:21;temp;13.6
id;4;time;12:30:45;temp;21.44
id;3;time;12:34:17;temp;21.11
id;6;time;12:37:47;temp;19.61
id;5;time;12:37:49;temp;19.62
id;4;time;12:58:39;temp;21.51
id;3;time;13:04:20;temp;21.01
id;6;time;13:05:44;temp;19.71
id;5;time;13:05:46;temp;19.75
id;4;time;13:15:07;temp;21.6
id;7;time;13:17:40;temp;13.75
id;3;time;13:26:28;temp;21.09
id;6;time;13:31:02;temp;19.82
id;4;time;13:37:48;temp;22.14
id;5;time;13:38:35;temp;19.85
id;4;time;13:50:36;temp;22.66
id;6;time;13:53:48;temp;20.33
id;7;time;14:03:26;temp;14.06
id;3;time;14:05:19;temp;21.62
id;4;time;14:05:23;temp;23.18
id;6;time;14:19:46;temp;20.61
id;4;time;14:26:13;temp;23.7
id;3;time;14:36:54;temp;22.13
id;4;time;14:45:23;temp;24.21
id;5;time;14:50:23;temp;20.36
id;6;time;14:58:56;temp;21.12
id;4;time;15:08:14;temp;24.71
id;7;time;15:26:25;temp;14.56
id;6;time;15:30:55;temp;21.63
id;4;time;15:31:14;temp;25.24
id;3;time;15:33:37;temp;22.65
id;3;time;18:11:17;temp;22.95
id;7;time;18:37:32;temp;16.75
id;4;time;18:47:45;temp;25.6
id;7;time;18:50:36;temp;17.26
id;6;time;18:51:57;temp;22.3
id;5;time;18:53:45;temp;21.59
id;7;time;18:53:48;temp;17.83
id;7;time;18:55:08;temp;18.46
id;7;time;18:56:29;temp;19.02
id;7;time;18:58:20;temp;19.53
id;3;time;19:04:58;temp;22.65
id;7;time;19:05:12;temp;19.02
id;6;time;19:08:01;temp;22.23
id;7;time;19:12:25;temp;18.52
id;4;time;19:22:22;temp;25.36
id;3;time;19:28:25;temp;22.58
id;7;time;19:29:00;temp;18.01
id;6;time;19:31:47;temp;22.19
id;5;time;19:35:26;temp;21.63
id;4;time;19:52:46;temp;24.86
id;7;time;19:54:39;temp;17.5
id;4;time;21:07:22;temp;23.73
id;3;time;21:10:45;temp;21.75
id;6;time;21:11:04;temp;21.47
id;7;time;21:11:35;temp;16.48
id;4;time;21:17:47;temp;23.53
id;6;time;21:21:57;temp;21.65
id;3;time;21:25:16;temp;21.59
id;5;time;21:31:34;temp;21.2
id;4;time;21:36:06;temp;23.38
id;5;time;7:26:27;temp;19.29
id;3;time;7:31:24;temp;19.93
id;6;time;7:46:04;temp;18.83
id;3;time;8:02:30;temp;19.99
id;3;time;8:09:36;temp;19.95
id;7;time;8:16:37;temp;12.64
id;6;time;8:32:17;temp;18.8
id;4;time;8:40:30;temp;19.85
id;5;time;8:46:48;temp;19.27
id;3;time;8:48:17;temp;20.01
id;7;time;9:47:01;temp;12.64
id;6;time;9:49:08;temp;18.62
id;4;time;9:51:26;temp;19.78
id;5;time;9:56:06;temp;19.34
id;3;time;9:56:42;temp;19.95
id;7;time;10:00:46;temp;12.64
id;6;time;10:01:22;temp;18.6
id;4;time;10:02:32;temp;19.85
id;3;time;10:16:38;temp;19.95
id;7;time;11:07:30;temp;12.86
id;6;time;11:15:03;temp;18.85
id;4;time;11:18:11;temp;19.96
id;3;time;11:33:11;temp;20.06
id;5;time;11:34:32;temp;19.43
id;7;time;12:10:33;temp;13.37
id;5;time;12:11:11;temp;19.53
id;6;time;12:49:30;temp;19.3
id;4;time;13:06:06;temp;20.15
id;5;time;13:06:35;temp;19.62
id;7;time;13:08:43;temp;13.52
id;3;time;13:09:58;temp;20.43
id;4;time;13:20:03;temp;20.09
id;6;time;13:20:49;temp;19.27
id;5;time;13:22:10;temp;19.62
id;7;time;13:22:49;temp;13.56
id;3;time;13:25:30;temp;20.44
id;4;time;13:39:13;temp;20.2
id;6;time;13:40:54;temp;19.31
id;5;time;13:41:25;temp;19.6
id;7;time;13:41:26;temp;13.66
id;3;time;13:42:24;temp;20.5
id;4;time;14:29:08;temp;20.3
id;6;time;14:46:12;temp;19.44
id;3;time;14:50:18;temp;20.64
id;7;time;14:57:13;temp;14.0
id;6;time;16:03:55;temp;19.54
id;5;time;16:04:52;temp;19.75
id;4;time;17:13:11;temp;20.31
id;5;time;17:16:41;temp;19.61
id;6;time;17:21:06;temp;19.42
id;4;time;18:21:56;temp;20.26
id;6;time;18:23:23;temp;19.38
id;5;time;18:23:27;temp;19.58
id;7;time;18:27:05;temp;14.32
id;3;time;18:27:42;temp;20.43
id;4;time;20:26:39;temp;20.09
id;5;time;20:27:09;temp;19.57
id;6;time;20:28:39;temp;19.28
id;7;time;20:33:59;temp;14.11
id;3;time;20:37:35;temp;20.46
id;6;time;21:12:21;temp;19.21
id;7;time;21:12:32;temp;13.99
id;3;time;21:15:16;temp;20.5
id;4;time;21:50:02;temp;20.05
id;5;time;21:57:53;temp;19.44
id;6;time;21:58:14;temp;19.21
id;7;time;22:01:49;temp;13.89
id;7;time;22:54:58;temp;13.73
id;3;time;22:55:37;temp;20.44
id;6;time;22:57:00;temp;19.23
id;5;time;23:00:09;temp;19.33
id;4;time;23:00:17;temp;19.93
id;6;time;23:22:08;temp;19.21
id;7;time;23:22:48;temp;13.66
id;3;time;23:23:09;temp;20.39
id;5;time;23:25:16;temp;19.23
id;4;time;23:25:51;temp;19.89
id;4;time;23:48:12;temp;19.86
id;5;time;23:49:52;temp;19.29
id;3;time;23:50:21;temp;20.26
id;7;time;23:51:48;temp;13.59
id;3;time;0:10:48;temp;20.24
id;7;time;0:12:26;temp;13.5
id;5;time;0:12:29;temp;19.2
id;4;time;0:12:35;temp;19.82
id;6;time;0:29:27;temp;19.06
id;7;time;0:38:05;temp;13.49
id;4;time;0:41:10;temp;19.82
id;3;time;0:42:24;temp;20.19
id;5;time;0:42:36;temp;19.17
id;7;time;1:39:57;temp;13.34
id;6;time;1:39:57;temp;19.06
id;4;time;1:42:11;temp;19.81
id;3;time;1:42:12;temp;20.2
id;6;time;2:01:23;temp;19.04
id;7;time;2:04:56;temp;13.31
id;3;time;2:06:31;temp;20.16
id;5;time;2:06:38;temp;19.13
id;4;time;2:07:35;temp;19.78
id;6;time;2:33:42;temp;19.03
id;7;time;2:35:27;temp;13.19
id;5;time;2:36:36;temp;19.16
id;3;time;2:36:56;temp;20.19
id;4;time;2:37:10;temp;19.71
id;6;time;2:56:49;temp;19.03
id;7;time;3:00:16;temp;13.17
id;4;time;3:01:12;temp;19.75
id;3;time;3:02:37;temp;20.2
id;5;time;3:03:53;temp;19.13
id;7;time;3:23:34;temp;13.04
id;6;time;3:24:27;temp;18.99
id;3;time;3:25:26;temp;20.23
id;5;time;3:27:19;temp;19.22
id;4;time;3:27:36;temp;19.78
id;6;time;3:52:46;temp;18.96
id;7;time;3:54:46;temp;13.01
id;4;time;3:55:21;temp;19.71
id;3;time;4:00:44;temp;20.15
id;5;time;4:03:19;temp;19.17
id;6;time;4:57:24;temp;18.99
id;7;time;5:00:00;temp;12.8
id;4;time;5:00:54;temp;19.74
id;5;time;5:02:05;temp;19.17
id;3;time;5:03:15;temp;20.18
id;5;time;6:57:24;temp;19.06
id;4;time;6:57:34;temp;19.65
id;3;time;6:57:47;temp;20.11
id;6;time;6:59:08;temp;18.85
id;7;time;7:01:34;temp;12.42
id;5;time;7:28:53;temp;19.11
id;3;time;7:30:33;temp;20.13
id;4;time;7:32:12;temp;19.76
id;6;time;7:47:42;temp;18.34
id;3;time;7:59:07;temp;20.18
id;4;time;8:01:07;temp;19.79
id;6;time;8:01:16;temp;18.73
id;5;time;8:03:32;temp;19.11
id;7;time;8:10:09;temp;12.22
id;7;time;8:24:05;temp;12.21
id;7;time;9:54:48;temp;12.45
id;4;time;9:59:17;temp;20.13
id;5;time;10:08:04;temp;19.33
id;7;time;11:00:12;temp;12.63
id;3;time;11:01:43;temp;20.26
id;6;time;11:07:09;temp;19.06
id;4;time;11:11:54;temp;20.36
id;5;time;11:14:32;temp;19.3
id;7;time;11:59:24;temp;13.14
id;3;time;12:00:20;temp;20.48
id;6;time;12:03:45;temp;19.28
id;5;time;12:07:46;temp;19.44
id;7;time;12:20:31;temp;13.42
id;3;time;12:32:57;temp;21.04
id;4;time;12:51:24;temp;20.86
id;6;time;12:52:59;temp;19.24
id;7;time;12:54:14;temp;13.93
id;5;time;12:55:08;temp;19.54
id;3;time;13:07:24;temp;21.55
id;7;time;13:24:14;temp;14.44
id;6;time;13:26:48;temp;19.62
id;4;time;13:30:14;temp;21.1
id;3;time;13:33:04;temp;21.8
id;5;time;13:33:58;temp;19.62
id;7;time;13:54:25;temp;14.85
id;6;time;14:01:29;temp;19.86
id;4;time;14:06:12;temp;21.26
id;3;time;14:06:20;temp;22.03
id;5;time;14:07:57;temp;19.67
id;7;time;14:22:14;temp;15.36
id;7;time;15:01:38;temp;15.86
id;4;time;15:21:09;temp;21.39
id;3;time;15:22:29;temp;21.92
id;6;time;15:22:30;temp;20.07
id;5;time;15:22:46;temp;19.78
id;7;time;15:40:30;temp;16.19
id;3;time;15:46:38;temp;21.72
id;5;time;15:46:42;temp;19.82
id;7;time;16:10:00;temp;16.57
id;4;time;16:15:27;temp;21.28
id;5;time;16:16:00;temp;19.92
id;6;time;16:16:15;temp;20.13
id;3;time;16:16:31;temp;21.52
id;7;time;16:32:58;temp;16.75
id;3;time;16:41:11;temp;21.32
id;4;time;16:41:51;temp;21.2
id;6;time;17:00:48;temp;20.03
id;5;time;17:02:53;temp;19.91
id;7;time;17:15:42;temp;16.89
id;7;time;17:17:23;temp;16.94
id;5;time;17:23:58;temp;19.93
id;3;time;17:24:25;temp;21.04
id;6;time;17:24:34;temp;19.97
id;4;time;17:24:42;temp;20.95
id;7;time;17:28:17;temp;16.91
id;5;time;17:32:10;temp;19.89
id;3;time;17:41:39;temp;20.9
id;4;time;17:43:52;temp;20.89
id;6;time;17:46:01;temp;19.93
id;7;time;18:24:45;temp;16.74
id;5;time;18:31:15;temp;19.82
id;3;time;18:31:59;temp;20.63
id;5;time;19:23:59;temp;19.89
id;3;time;19:24:51;temp;20.55
id;4;time;19:26:24;temp;20.55
id;6;time;19:27:59;temp;19.58
id;7;time;19:30:38;temp;16.51
id;5;time;19:32:42;temp;19.87
id;3;time;19:33:39;temp;20.46
id;4;time;19:33:48;temp;20.52
id;6;time;19:34:01;temp;19.58
id;7;time;19:34:19;temp;16.48
id;5;time;19:36:23;temp;19.87
id;3;time;19:37:12;temp;20.5
id;4;time;19:48:25;temp;20.59
id;6;time;19:48:55;temp;19.49
id;7;time;19:54:36;temp;16.37
id;5;time;19:56:58;temp;19.88
id;4;time;20:16:49;temp;20.43
id;3;time;20:17:45;temp;20.36
id;6;time;20:18:24;temp;19.44
id;7;time;20:56:06;temp;16.09
id;5;time;20:57:34;temp;19.74
id;4;time;21:01:43;temp;20.31
id;3;time;21:02:21;temp;20.33
id;7;time;21:05:29;temp;16.06
id;5;time;21:06:16;temp;19.69
id;4;time;21:07:16;temp;20.33
id;7;time;21:11:22;temp;15.99
id;4;time;21:18:42;temp;20.31
id;3;time;21:19:45;temp;20.44
id;6;time;21:21:02;temp;19.37
id;5;time;21:23:31;temp;19.68
id;7;time;21:23:46;temp;15.92
id;6;time;21:25:54;temp;19.35
id;7;time;21:28:08;temp;15.88
id;5;time;21:28:43;temp;19.65
id;3;time;21:30:44;temp;20.44
id;6;time;21:31:35;temp;19.33
id;5;time;21:35:45;temp;19.64
id;3;time;21:37:10;temp;20.5
id;4;time;21:41:14;temp;20.26
id;6;time;21:42:08;temp;19.33
id;5;time;21:51:59;temp;19.61
id;6;time;22:08:36;temp;19.26
id;7;time;22:17:56;temp;15.66
id;5;time;22:19:27;temp;19.6
id;3;time;22:22:47;temp;20.63
id;4;time;22:23:47;temp;20.29
id;7;time;22:45:55;temp;15.54
id;5;time;22:47:34;temp;19.62
id;3;time;22:48:58;temp;20.63
id;4;time;22:52:01;temp;20.2
id;4;time;23:54:12;temp;20.03
id;3;time;23:58:33;temp;20.33
id;5;time;0:12:56;temp;19.46
id;7;time;0:16:16;temp;15.09
id;6;time;0:19:23;temp;19.14
id;4;time;1:13:03;temp;19.82
id;3;time;1:22:11;temp;20.13
id;5;time;1:41:59;temp;19.33
id;6;time;1:53:20;temp;18.96
id;7;time;1:53:39;temp;14.59
id;4;time;2:06:10;temp;19.78
id;3;time;2:08:08;temp;20.12
id;5;time;2:15:58;temp;19.36
id;7;time;2:21:40;temp;14.51
id;6;time;2:22:48;temp;18.96
id;4;time;3:02:10;temp;19.74
id;3;time;3:02:53;temp;20.11
id;7;time;3:45:49;temp;14.0
id;3;time;4:03:22;temp;20.03
id;4;time;4:04:32;temp;19.67
id;7;time;4:18:01;temp;13.85
id;6;time;4:22:22;temp;18.85
id;5;time;4:26:51;temp;19.22
id;3;time;4:29:23;temp;20.03
id;4;time;4:31:35;temp;19.74
id;7;time;4:41:09;temp;13.75
id;6;time;4:43:48;temp;18.8
id;5;time;6:09:08;temp;19.13
id;7;time;6:35:40;temp;13.24
id;4;time;6:37:30;temp;19.71
id;3;time;6:42:41;temp;19.99
id;6;time;7:20:22;temp;18.65
id;5;time;7:24:18;temp;19.14
id;4;time;7:32:48;temp;19.75
id;3;time;7:35:03;temp;20.06
id;6;time;7:50:31;temp;18.65
id;6;time;7:59:34;temp;18.97
id;5;time;8:02:48;temp;19.2
id;7;time;8:05:32;temp;12.97
id;4;time;8:08:56;temp;19.76
id;3;time;8:09:21;temp;20.16
id;6;time;8:14:18;temp;19.18
id;5;time;8:19:13;temp;19.22
id;7;time;8:33:33;temp;12.96
id;3;time;8:40:37;temp;20.11
id;4;time;8:44:54;temp;19.82
id;6;time;8:50:09;temp;18.86
id;5;time;8:54:22;temp;19.17
id;7;time;9:09:16;temp;12.97
id;3;time;9:17:17;temp;20.16
id;4;time;9:18:42;temp;19.85
id;6;time;9:29:00;temp;18.76
id;5;time;9:47:36;temp;19.2
id;7;time;9:54:02;temp;12.98
id;4;time;10:00:54;temp;19.88
id;3;time;10:03:14;temp;20.2
id;6;time;10:18:24;temp;18.83
id;5;time;10:23:35;temp;19.22
id;7;time;10:29:45;temp;13.03
id;3;time;10:35:30;temp;20.29
id;4;time;10:35:31;temp;19.89
id;6;time;10:45:12;temp;18.91
id;5;time;10:58:34;temp;19.27
id;3;time;11:21:57;temp;20.44
id;4;time;11:50:49;temp;20.09
id;5;time;12:01:11;temp;19.4
id;6;time;12:33:22;temp;19.35
id;7;time;12:36:50;temp;13.83
id;3;time;12:42:12;temp;20.95
id;6;time;12:57:50;temp;19.44
id;4;time;13:14:51;temp;20.39
id;5;time;13:31:24;temp;19.58
id;7;time;13:40:43;temp;14.2
id;3;time;13:48:25;temp;21.21
id;6;time;13:54:05;temp;19.61
id;4;time;13:55:22;temp;20.58
id;5;time;14:16:16;temp;19.67
id;7;time;14:17:15;temp;14.66
id;3;time;14:19:19;temp;21.45
id;6;time;14:36:27;temp;19.76
id;4;time;14:49:59;temp;20.78
id;7;time;14:57:29;temp;15.2
id;3;time;15:01:12;temp;21.59
id;5;time;15:04:28;temp;19.68
id;5;time;15:20:22;temp;19.72
id;3;time;15:32:27;temp;21.08
id;3;time;16:08:25;temp;20.87
id;4;time;16:09:28;temp;20.54
id;6;time;16:09:53;temp;19.68
id;7;time;16:20:27;temp;15.33
id;5;time;16:55:27;temp;19.69
id;3;time;16:56:44;temp;20.67
id;4;time;16:57:22;temp;20.41
id;6;time;16:59:47;temp;19.56
id;7;time;16:59:50;temp;15.4
id;5;time;17:11:01;temp;19.72
id;3;time;17:11:36;temp;20.57
id;4;time;17:13:00;temp;20.34
id;7;time;17:16:46;temp;15.33
id;6;time;17:17:42;temp;19.45
id;4;time;17:30:40;temp;20.33
id;5;time;17:31:37;temp;19.72
id;3;time;17:32:03;temp;20.48
id;7;time;17:36:52;temp;15.31
id;6;time;17:41:20;temp;19.38
id;5;time;17:51:02;temp;19.74
id;4;time;17:51:40;temp;20.2
id;3;time;17:58:45;temp;20.43
id;7;time;18:04:02;temp;15.27
id;6;time;18:04:06;temp;19.35
id;4;time;18:21:26;temp;20.18
id;3;time;18:21:34;temp;20.37
id;7;time;18:52:28;temp;15.11
id;6;time;18:56:11;temp;19.28
id;5;time;19:04:11;temp;19.68
id;4;time;19:04:47;temp;20.06
id;3;time;19:05:29;temp;20.26
id;7;time;19:06:43;temp;15.09
id;6;time;19:08:34;temp;19.21
id;4;time;19:14:23;temp;20.15
id;5;time;19:14:55;temp;19.64
id;3;time;19:15:37;temp;20.29
id;7;time;19:27:10;temp;15.0
id;6;time;19:27:50;temp;19.27
id;3;time;19:51:46;temp;20.24
id;4;time;19:52:11;temp;20.01
id;5;time;19:52:34;temp;19.69
id;6;time;19:55:58;temp;19.14
id;7;time;19:59:21;temp;14.92
id;4;time;20:09:30;temp;20.03
id;5;time;20:12:00;temp;19.68
id;6;time;20:33:09;temp;19.2
id;7;time;20:34:23;temp;14.76
id;3;time;20:50:03;temp;20.51
id;5;time;20:52:09;temp;19.61
id;7;time;20:55:30;temp;14.68
id;6;time;20:55:45;temp;19.23
id;3;time;21:10:40;temp;20.55
id;4;time;21:10:52;temp;19.96
id;5;time;21:11:25;temp;19.57
id;6;time;21:13:30;temp;19.18
id;7;time;21:14:37;temp;14.62
id;4;time;21:23:08;temp;19.96
id;6;time;21:27:45;temp;19.18
id;7;time;21:27:51;temp;14.55
id;3;time;21:38:12;temp;20.61
id;4;time;21:38:46;temp;20.05
id;5;time;21:41:03;temp;19.54
id;6;time;21:50:41;temp;19.17
id;7;time;21:54:31;temp;14.52
id;3;time;22:06:46;temp;20.61
id;4;time;22:08:11;temp;19.99
id;5;time;22:10:31;temp;19.54
id;6;time;22:12:37;temp;19.17
id;7;time;22:15:48;temp;14.39
id;4;time;22:32:13;temp;20.01
id;5;time;22:33:17;temp;19.47
id;6;time;22:37:15;temp;19.18
id;7;time;22:41:18;temp;14.28
id;3;time;23:22:16;temp;20.43
id;4;time;23:41:59;temp;19.89
id;5;time;23:44:05;temp;19.37
id;6;time;23:44:14;temp;19.06
id;7;time;0:05:36;temp;13.95
id;3;time;0:53:40;temp;20.19
id;6;time;0:54:33;temp;18.99
id;5;time;0:56:54;temp;19.16
id;4;time;0:57:07;temp;19.83
id;7;time;1:00:16;temp;13.76
id;3;time;1:15:17;temp;20.2
id;6;time;1:20:01;temp;18.89
id;4;time;1:20:29;temp;19.79
id;5;time;1:20:40;temp;19.14
id;7;time;1:29:46;temp;13.69
id;4;time;1:46:52;temp;19.81
id;3;time;1:47:23;temp;20.24
id;5;time;1:48:38;temp;19.17
id;6;time;1:50:49;temp;18.96
id;6;time;2:40:24;temp;18.91
id;4;time;2:40:50;temp;19.74
id;5;time;2:42:02;temp;19.11
id;3;time;2:44:29;temp;20.2
id;7;time;3:43:03;temp;13.18
id;6;time;3:50:24;temp;18.94
id;6;time;4:32:46;temp;18.82
id;7;time;5:54:40;temp;12.83
id;3;time;7:27:17;temp;20.11
id;6;time;7:36:48;temp;19.07
id;5;time;7:40:19;temp;19.16
id;4;time;7:40:41;temp;19.79
id;7;time;7:46:11;temp;12.46
id;3;time;7:53:08;temp;20.22
id;6;time;7:55:33;temp;19.11
id;4;time;8:01:21;temp;19.76
id;5;time;8:02:56;temp;19.19
id;7;time;8:22:24;temp;12.38
id;6;time;8:35:35;temp;18.83
id;3;time;8:40:57;temp;20.18
id;4;time;9:19:51;temp;19.85
id;3;time;10:18:35;temp;20.34
id;4;time;10:18:51;temp;19.98
id;6;time;10:43:31;temp;18.93
id;6;time;11:30:25;temp;19.04
id;7;time;11:36:24;temp;12.89
id;3;time;11:38:40;temp;20.51
id;4;time;11:41:02;temp;20.05
id;5;time;11:45:43;temp;19.38
id;5;time;12:41:28;temp;19.44
id;4;time;12:47:36;temp;20.18
id;3;time;12:56:32;temp;20.97
id;7;time;13:07:36;temp;13.39
id;6;time;13:10:43;temp;19.21
id;5;time;13:25:40;temp;19.44
id;7;time;13:30:14;temp;13.49
id;4;time;13:30:18;temp;20.23
id;3;time;13:31:50;temp;20.99
id;6;time;13:40:11;temp;19.34
id;7;time;14:47:00;temp;14.0
id;5;time;15:10:27;temp;19.62
id;3;time;15:16:44;temp;20.85
id;4;time;15:16:51;temp;20.43
id;6;time;15:32:52;temp;19.51
id;6;time;17:14:51;temp;19.35
id;7;time;17:15:31;temp;14.13
id;3;time;17:22:24;temp;20.54
id;4;time;17:23:44;temp;20.29
id;5;time;17:26:11;temp;19.57
id;6;time;17:47:21;temp;19.33
id;7;time;18:00:27;temp;14.04
id;3;time;18:01:56;temp;20.44
id;4;time;18:02:34;temp;20.2
id;5;time;18:03:31;temp;19.51
id;7;time;19:02:08;temp;14.1
id;4;time;19:51:49;temp;20.16
id;3;time;20:08:37;temp;20.51
id;5;time;20:23:27;temp;19.56
id;7;time;20:46:24;temp;13.83
id;6;time;20:46:51;temp;19.28
id;4;time;20:48:58;temp;20.13
id;5;time;20:52:25;temp;19.5
id;7;time;20:57:38;temp;13.75
id;4;time;21:00:24;temp;20.12
id;6;time;21:00:25;temp;19.27
id;3;time;21:01:20;temp;20.55
id;7;time;21:08:32;temp;13.75
id;4;time;21:12:30;temp;20.03
id;6;time;21:13:29;temp;19.2
id;3;time;21:16:22;temp;20.58
id;5;time;21:16:41;temp;19.46
id;7;time;21:40:43;temp;13.72
id;6;time;21:46:18;temp;19.24
id;4;time;21:46:48;temp;20.16
id;3;time;21:54:13;temp;20.66
id;7;time;22:09:23;temp;13.6
id;4;time;22:11:31;temp;20.1
id;3;time;22:30:52;temp;20.75
id;5;time;22:31:31;temp;19.44
id;4;time;22:57:44;temp;20.1
id;6;time;22:58:18;temp;19.21
id;3;time;23:02:48;temp;20.58
id;5;time;23:02:49;temp;19.46
id;7;time;23:40:15;temp;13.39
id;4;time;23:43:27;temp;19.95
id;6;time;23:52:24;temp;19.15
id;3;time;0:09:12;temp;20.27
id;5;time;0:10:56;temp;19.37
id;5;time;2:30:02;temp;19.27
id;3;time;2:31:37;temp;20.22
id;4;time;2:34:34;temp;19.82
id;6;time;2:34:39;temp;19.0
id;7;time;2:38:27;temp;12.96
id;7;time;20:31:18;temp;18.67
id;3;time;20:41:09;temp;20.8
id;5;time;20:43:36;temp;19.82
id;6;time;20:47:36;temp;19.68
id;7;time;20:49:54;temp;18.5
id;4;time;20:58:40;temp;20.43
id;5;time;21:07:12;temp;19.78
id;3;time;21:09:02;temp;20.78
id;6;time;21:15:25;temp;19.61
id;7;time;21:19:33;temp;18.12
id;4;time;21:22:52;temp;20.43
id;5;time;21:31:29;temp;19.74
id;3;time;21:34:32;temp;20.73
id;6;time;21:40:21;temp;19.51
id;7;time;21:41:30;temp;17.91
id;4;time;21:46:34;temp;20.39
id;5;time;21:50:54;temp;19.77
id;6;time;21:52:15;temp;19.49
id;3;time;21:52:17;temp;20.7
id;7;time;21:52:54;temp;17.83
id;4;time;21:53:58;temp;20.39
id;5;time;21:57:35;temp;19.75
id;6;time;22:01:47;temp;19.44
id;4;time;22:09:56;temp;20.31
id;5;time;22:11:39;temp;19.74
id;6;time;22:13:42;temp;19.4
id;3;time;22:14:35;temp;20.63
id;7;time;22:17:22;temp;17.63
id;4;time;22:23:13;temp;20.33
id;6;time;22:50:52;temp;19.41
id;3;time;23:08:59;temp;20.51
id;7;time;23:14:10;temp;17.12
id;7;time;0:18:00;temp;16.61
id;4;time;0:30:58;temp;19.98
id;5;time;1:02:13;temp;19.47
id;7;time;1:28:43;temp;16.1
id;5;time;2:12:21;temp;19.33
id;7;time;2:20:41;temp;15.72
id;4;time;2:24:26;temp;19.79
id;6;time;2:28:33;temp;18.9
id;3;time;2:37:38;temp;20.09
id;5;time;2:44:19;temp;19.29
id;7;time;2:45:09;temp;15.52
id;4;time;2:47:58;temp;19.76
id;3;time;2:53:10;temp;20.05
id;5;time;3:00:43;temp;19.33
id;6;time;3:03:23;temp;18.85
id;7;time;3:03:36;temp;15.43
id;4;time;3:06:47;temp;19.76
id;3;time;3:11:25;temp;20.09
id;5;time;3:18:09;temp;19.26
id;7;time;3:20:22;temp;15.27
id;6;time;3:22:49;temp;18.85
id;4;time;3:24:07;temp;19.72
id;3;time;3:43:52;temp;20.03
id;5;time;3:51:17;temp;19.23
id;7;time;3:54:54;temp;15.0
id;6;time;3:55:18;temp;18.83
id;4;time;4:05:37;temp;19.72
id;3;time;4:14:07;temp;20.01
id;5;time;4:20:45;temp;19.17
id;7;time;4:25:35;temp;14.79
id;4;time;4:39:45;temp;19.68
id;3;time;4:50:06;temp;20.05
id;5;time;4:57:35;temp;19.16
id;7;time;5:17:23;temp;14.39
id;6;time;5:20:43;temp;18.66
id;4;time;5:44:18;temp;19.65
id;4;time;5:59:56;temp;19.64
id;6;time;6:03:05;temp;18.58
id;7;time;6:03:40;temp;14.06
id;5;time;6:12:54;temp;19.07
id;3;time;6:22:02;temp;19.92
id;4;time;6:34:04;temp;19.61
id;6;time;6:36:15;temp;18.55
id;7;time;6:36:31;temp;13.83
id;5;time;6:55:35;temp;19.05
id;3;time;7:05:37;temp;19.93
id;4;time;7:09:33;temp;19.58
id;6;time;7:15:46;temp;18.52
id;7;time;7:16:45;temp;13.58
id;5;time;7:26:13;temp;19.06
id;3;time;7:56:29;temp;19.89
id;4;time;8:00:09;temp;19.61
id;6;time;8:07:31;temp;18.55
id;7;time;9:19:09;temp;13.15
id;5;time;9:39:59;temp;19.13
id;4;time;9:49:24;temp;20.13
id;3;time;9:52:44;temp;20.4
id;6;time;11:04:51;temp;19.06
id;3;time;11:28:51;temp;21.08
id;6;time;11:29:59;temp;19.14
id;5;time;11:31:38;temp;19.25
id;4;time;11:31:46;temp;20.36
id;7;time;11:34:07;temp;13.48
id;6;time;12:10:30;temp;19.28
id;3;time;12:12:16;temp;21.38
id;7;time;12:18:02;temp;13.99
id;4;time;12:31:05;temp;20.68
id;7;time;12:46:32;temp;14.35
id;6;time;12:47:20;temp;19.49
id;3;time;12:47:34;temp;21.6
id;5;time;12:48:38;temp;19.47
id;4;time;12:51:47;temp;20.78
id;7;time;13:13:41;temp;14.78
id;3;time;13:14:15;temp;21.76
id;5;time;13:14:55;temp;19.57
id;6;time;13:15:49;temp;19.64
id;4;time;13:16:39;temp;20.96
id;7;time;13:34:18;temp;15.06
id;3;time;13:37:14;temp;22.03
id;6;time;13:37:15;temp;19.73
id;4;time;13:37:50;temp;21.1
id;7;time;14:06:09;temp;15.57
id;3;time;14:15:03;temp;22.31
id;6;time;14:16:46;temp;19.83
id;5;time;14:19:22;temp;19.71
id;7;time;14:21:04;temp;15.78
id;7;time;14:41:20;temp;16.12
id;6;time;14:42:53;temp;19.89
id;6;time;15:11:52;temp;19.83
id;4;time;15:13:17;temp;21.39
id;7;time;15:16:42;temp;16.62
id;7;time;15:31:27;temp;16.78
id;3;time;15:31:52;temp;21.87
id;5;time;15:32:50;temp;19.87
id;4;time;15:34:18;temp;21.32
id;6;time;15:36:58;temp;19.79
id;7;time;15:58:56;temp;17.22
id;3;time;16:02:16;temp;21.57
id;6;time;16:04:46;temp;19.73
id;5;time;16:05:29;temp;19.87
id;4;time;16:07:24;temp;21.24
id;7;time;16:29:06;temp;17.73
id;5;time;16:38:27;temp;19.88
id;4;time;16:38:40;temp;21.16
id;6;time;16:38:56;temp;19.89
id;7;time;16:54:04;temp;18.23
id;7;time;17:20:42;temp;18.74
id;7;time;17:50:12;temp;19.26
id;5;time;17:53:37;temp;19.95
id;3;time;17:58:29;temp;20.99
id;6;time;18:03:09;temp;19.87
id;4;time;18:04:12;temp;20.95
id;5;time;18:26:25;temp;19.78
id;7;time;18:34:15;temp;19.67
id;5;time;18:40:49;temp;19.81
id;7;time;18:48:09;temp;20.01
id;7;time;19:06:44;temp;20.52
id;3;time;19:25:58;temp;21.12
id;4;time;20:12:37;temp;20.57
id;3;time;20:44:10;temp;20.61
id;5;time;20:47:02;temp;20.11
id;6;time;20:48:24;temp;19.79
id;4;time;20:57:39;temp;20.54
id;7;time;21:00:45;temp;20.01
id;3;time;21:29:37;temp;20.75
id;6;time;21:30:46;temp;19.59
id;4;time;21:32:47;temp;20.51
id;5;time;21:33:14;temp;20.04
id;7;time;21:39:47;temp;19.55
id;7;time;22:28:11;temp;19.04
id;6;time;22:37:35;temp;19.68
id;7;time;22:43:15;temp;18.9
id;4;time;22:46:15;temp;20.34
id;5;time;22:50:13;temp;19.79
id;3;time;22:52:03;temp;20.64
id;7;time;23:35:41;temp;18.39
id;6;time;23:38:22;temp;19.49
id;4;time;0:01:43;temp;20.15
id;7;time;0:02:09;temp;18.22
id;5;time;0:02:52;temp;19.54
id;3;time;0:04:01;temp;20.43
id;6;time;0:05:19;temp;19.35
id;4;time;0:26:35;temp;20.06
id;7;time;0:26:56;temp;17.97
id;5;time;0:28:19;temp;19.44
id;3;time;0:29:21;temp;20.27
id;6;time;0:37:09;temp;19.23
id;7;time;1:25:24;temp;17.44
id;4;time;1:53:00;temp;19.82
id;5;time;1:54:00;temp;19.22
id;3;time;2:09:32;temp;20.06
id;7;time;2:13:29;temp;17.09
id;6;time;2:15:27;temp;18.96
id;5;time;2:22:58;temp;19.2
id;4;time;2:32:30;temp;19.82
id;3;time;2:42:09;temp;20.06
id;7;time;2:44:08;temp;16.81
id;6;time;2:44:24;temp;18.96
id;7;time;3:50:49;temp;16.3
id;4;time;4:51:11;temp;19.68
id;7;time;4:58:41;temp;15.78
id;5;time;5:01:39;temp;19.14
id;3;time;5:56:37;temp;19.98
id;6;time;5:59:50;temp;18.7
id;7;time;6:19:47;temp;15.27
id;7;time;6:43:56;temp;15.17
id;6;time;6:44:43;temp;18.72
id;3;time;6:45:27;temp;19.96
id;4;time;6:47:30;temp;19.64
id;5;time;6:47:47;temp;19.02
id;6;time;7:50:22;temp;18.72
id;7;time;7:51:28;temp;14.82
id;3;time;7:53:53;temp;20.01
id;4;time;7:57:56;temp;19.65
id;5;time;7:59:26;temp;18.96
id;7;time;8:14:56;temp;14.68
id;6;time;8:16:09;temp;18.66
id;3;time;8:18:33;temp;20.05
id;4;time;8:25:41;temp;19.68
id;5;time;8:25:43;temp;18.99
id;4;time;8:57:47;temp;19.83
id;5;time;8:59:42;temp;19.13
id;3;time;9:02:59;temp;20.11
id;6;time;9:03:02;temp;18.72
id;7;time;9:03:23;temp;14.56
id;6;time;10:49:03;temp;18.96
id;7;time;10:56:22;temp;14.61
id;3;time;11:19:00;temp;20.54
id;5;time;11:21:29;temp;19.4
id;6;time;11:44:18;temp;19.41
id;6;time;11:56:42;temp;19.76
id;5;time;12:01:49;temp;19.32
id;7;time;12:21:12;temp;15.11
id;3;time;12:27:35;temp;21.05
id;6;time;12:42:35;temp;19.4
id;4;time;12:54:08;temp;20.31
id;7;time;12:54:43;temp;15.27
id;5;time;12:56:04;temp;19.43
id;7;time;13:32:26;temp;15.44
id;5;time;13:39:35;temp;19.68
id;3;time;13:41:34;temp;21.08
id;6;time;13:44:22;temp;19.46
id;7;time;13:52:33;temp;15.47
id;4;time;13:52:38;temp;20.34
id;5;time;14:00:21;temp;19.68
id;3;time;14:05:24;temp;21.08
id;6;time;14:06:19;temp;19.52
id;6;time;15:08:36;temp;19.62
id;3;time;15:12:27;temp;21.12
id;5;time;15:23:22;temp;20.05
id;7;time;15:23:44;temp;15.95
id;4;time;15:27:46;temp;20.39
id;6;time;16:06:02;temp;19.75
id;3;time;16:06:20;temp;21.15
id;5;time;16:08:43;temp;20.39
id;4;time;16:11:48;temp;20.39
id;7;time;16:11:50;temp;16.09
id;7;time;16:25:04;temp;16.24
id;4;time;16:25:46;temp;20.48
id;5;time;16:47:14;temp;20.5
id;3;time;16:48:54;temp;21.15
id;6;time;16:52:05;temp;19.72
id;7;time;17:04:38;temp;16.29
id;3;time;17:07:08;temp;21.21
id;4;time;17:07:27;temp;20.44
id;5;time;17:08:39;temp;20.59
id;3;time;17:59:10;temp;21.22
id;5;time;18:01:12;temp;20.91
id;4;time;18:01:24;temp;20.46
id;7;time;18:05:48;temp;16.43
id;3;time;18:10:49;temp;21.21
id;5;time;18:12:25;temp;21.18
id;7;time;18:21:43;temp;16.57
id;5;time;18:23:08;temp;21.7
id;5;time;18:35:22;temp;22.21
id;7;time;18:59:35;temp;17.09
id;5;time;19:28:55;temp;22.09
id;5;time;19:52:11;temp;21.92
id;5;time;20:29:30;temp;21.62
id;4;time;20:37:03;temp;20.44
id;3;time;20:48:45;temp;20.98
id;7;time;21:04:34;temp;17.05
id;6;time;21:05:24;temp;19.73
id;5;time;21:20:53;temp;21.27
id;4;time;21:22:57;temp;20.41
id;3;time;21:33:21;temp;20.93
id;6;time;21:36:44;temp;19.68
id;5;time;22:01:23;temp;20.91
id;4;time;22:09:20;temp;20.29
id;7;time;22:12:16;temp;16.71
id;3;time;22:15:55;temp;21.44
id;6;time;22:21:16;temp;19.55
id;5;time;22:27:40;temp;20.71
id;4;time;22:32:52;temp;20.31
id;7;time;22:52:59;temp;16.54
id;3;time;23:15:52;temp;20.95
id;3;time;23:31:45;temp;20.78
id;7;time;23:32:32;temp;16.29
id;7;time;23:46:27;temp;16.26
id;3;time;23:46:37;temp;20.69
id;3;time;0:14:10;temp;20.46
id;7;time;0:15:06;temp;16.12
id;5;time;0:16:18;temp;20.19
id;4;time;0:24:59;temp;19.99
id;6;time;0:29:52;temp;19.3
id;5;time;0:35:43;temp;20.15
id;7;time;0:36:43;temp;15.96
id;3;time;0:37:29;temp;20.4
id;4;time;1:29:02;temp;19.88
id;6;time;1:45:23;temp;19.14
id;5;time;1:53:43;temp;19.91
id;7;time;1:53:58;temp;15.58
id;3;time;1:55:12;temp;20.24
id;4;time;1:56:16;temp;19.85
id;6;time;2:21:03;temp;19.07
id;3;time;2:24:06;temp;20.15
id;5;time;2:24:30;temp;19.78
id;7;time;2:24:49;temp;15.43
id;4;time;2:26:42;temp;19.83
id;6;time;2:30:06;temp;19.13
id;5;time;2:34:43;temp;19.78
id;3;time;2:35:05;temp;20.19
id;7;time;2:36:33;temp;15.37
id;4;time;2:38:28;temp;19.81
id;6;time;2:40:59;temp;19.06
id;3;time;2:45:03;temp;20.18
id;7;time;2:45:06;temp;15.36
id;5;time;2:46:57;temp;19.71
id;4;time;2:48:54;temp;19.76
id;6;time;2:59:24;temp;19.01
id;3;time;3:02:48;temp;20.13
id;5;time;3:03:51;temp;19.71
id;7;time;3:04:12;temp;15.21
id;4;time;3:07:34;temp;19.82
id;6;time;3:12:19;temp;19.0
id;5;time;3:18:35;temp;19.62
id;3;time;3:18:51;temp;20.12
id;7;time;3:20:58;temp;15.16
id;4;time;3:30:25;temp;19.79
id;6;time;4:04:24;temp;18.91
id;5;time;4:07:58;temp;19.6
id;3;time;4:12:25;temp;20.09
id;7;time;4:15:47;temp;14.87
id;4;time;4:29:15;temp;19.74
id;6;time;4:35:32;temp;18.86
id;5;time;4:39:47;temp;19.56
id;3;time;4:40:18;temp;20.05
id;7;time;4:41:36;temp;14.75
id;4;time;4:46:45;temp;19.71
id;6;time;4:56:39;temp;18.87
id;5;time;5:14:16;temp;19.47
id;7;time;5:14:38;temp;14.59
id;3;time;5:14:56;temp;20.09
id;4;time;5:17:41;temp;19.76
id;6;time;5:23:56;temp;18.87
id;5;time;5:24:18;temp;19.46
id;3;time;5:26:46;temp;20.06
id;7;time;5:36:55;temp;14.51
id;4;time;5:39:53;temp;19.69
id;6;time;5:47:14;temp;18.83
id;3;time;5:50:26;temp;20.09
id;7;time;5:52:41;temp;14.47
id;4;time;5:56:11;temp;19.71
id;6;time;6:02:48;temp;18.86
id;3;time;6:05:18;temp;20.13
id;5;time;6:05:20;temp;19.4
id;7;time;6:06:16;temp;14.42
id;4;time;6:07:37;temp;19.74
id;6;time;6:21:53;temp;18.82
id;5;time;6:25:15;temp;19.38
id;7;time;6:27:54;temp;14.35
id;3;time;6:28:17;temp;20.11
id;4;time;6:30:09;temp;19.69
id;6;time;6:38:49;temp;18.87
id;5;time;7:16:28;temp;19.37
id;7;time;7:24:43;temp;14.11
id;3;time;7:25:43;temp;20.26
id;4;time;7:31:20;temp;19.81
id;6;time;7:40:17;temp;18.86
id;5;time;8:05:51;temp;19.37
id;6;time;8:09:35;temp;19.13
id;7;time;8:43:51;temp;14.04
id;3;time;8:45:48;temp;20.32
id;4;time;8:49:10;temp;19.92
id;6;time;9:15:43;temp;19.0
id;5;time;9:16:10;temp;19.46
id;7;time;9:16:42;temp;14.1
id;3;time;9:17:14;temp;20.39
id;4;time;9:19:46;temp;19.99
id;6;time;9:29:17;temp;19.0
id;5;time;9:30:54;temp;19.47
id;3;time;9:32:06;temp;20.42
id;7;time;9:32:48;temp;14.1
id;4;time;9:42:48;temp;20.09
id;6;time;9:47:23;temp;19.08
id;5;time;9:48:38;temp;19.48
id;3;time;9:49:20;temp;20.53
id;7;time;9:50:05;temp;14.2
id;4;time;9:52:33;temp;20.12
id;5;time;10:00:21;temp;19.5
id;6;time;10:00:26;temp;19.06
id;7;time;10:02:59;temp;14.2
id;3;time;10:03:02;temp;20.53
id;4;time;10:12:13;temp;20.12
id;5;time;10:46:13;temp;19.51
id;6;time;10:46:50;temp;19.15
id;7;time;10:50:06;temp;14.44
id;3;time;10:50:40;temp;20.7
id;4;time;10:56:06;temp;20.18
id;5;time;11:07:20;temp;19.57
id;6;time;11:08:16;temp;19.26
id;7;time;11:10:12;temp;14.62
id;3;time;11:13:49;temp;20.78
id;4;time;11:26:01;temp;20.29
id;6;time;11:34:24;temp;19.37
id;4;time;11:39:38;temp;20.36
id;6;time;11:50:38;temp;19.42
id;5;time;11:50:41;temp;19.6
id;7;time;11:51:47;temp;14.92
id;3;time;12:05:21;temp;21.02
id;4;time;12:06:32;temp;20.4
id;5;time;12:13:47;temp;19.74
id;6;time;12:14:25;temp;19.52
id;7;time;12:20:06;temp;15.2
id;3;time;12:21:54;temp;21.14
id;4;time;12:23:01;temp;20.5
id;5;time;12:28:21;temp;19.78
id;7;time;12:31:11;temp;15.3
id;6;time;12:31:40;temp;19.65
id;3;time;12:32:03;temp;21.16
id;7;time;12:42:35;temp;15.48
id;5;time;12:42:35;temp;19.84
id;6;time;12:46:44;temp;19.75
id;3;time;12:47:45;temp;21.34
id;4;time;13:11:26;temp;20.67
id;5;time;13:37:29;temp;19.88
id;7;time;13:39:44;temp;15.88
id;6;time;13:39:59;temp;19.87
id;3;time;13:40:58;temp;21.32
id;4;time;14:07:34;temp;20.77
id;5;time;14:14:29;temp;19.98
id;7;time;14:16:16;temp;16.27
id;6;time;14:16:20;temp;20.07
id;3;time;14:16:57;temp;21.52
id;4;time;14:21:11;temp;20.81
id;5;time;14:26:02;temp;20.01
id;7;time;14:27:39;temp;16.4
id;6;time;14:28:13;temp;20.1
id;3;time;14:33:50;temp;21.55
id;4;time;14:53:37;temp;20.91
id;5;time;15:00:52;temp;20.15
id;6;time;15:08:34;temp;20.23
id;3;time;15:11:51;temp;21.52
id;4;time;15:19:21;temp;20.91
id;7;time;15:31:30;temp;17.01
id;6;time;15:31:30;temp;20.33
id;3;time;15:33:18;temp;21.52
id;4;time;15:42:22;temp;21.03
id;6;time;16:15:22;temp;20.44
id;7;time;16:15:55;temp;17.33
id;3;time;16:16:32;temp;21.38
id;4;time;16:39:11;temp;21.05
id;5;time;16:41:27;temp;20.36
id;7;time;16:47:24;temp;17.58
id;6;time;16:47:41;temp;20.51
id;3;time;16:49:18;temp;21.38
id;4;time;16:54:09;temp;20.96
id;5;time;16:56:22;temp;20.36
id;7;time;17:07:40;temp;17.77
id;6;time;17:09:38;temp;20.52
id;6;time;17:28:53;temp;20.51
id;5;time;17:33:31;temp;20.43
id;4;time;17:35:19;temp;21.01
id;7;time;18:35:17;temp;18.18
id;3;time;18:35:21;temp;21.21
id;6;time;18:36:31;temp;20.5
id;3;time;20:03:21;temp;20.99
id;7;time;20:03:23;temp;18.56
id;5;time;20:04:10;temp;20.42
id;6;time;20:05:16;temp;20.35
id;3;time;20:05:33;temp;20.98
id;5;time;20:06:01;temp;20.49
id;4;time;20:06:06;temp;20.98
id;6;time;20:06:36;temp;20.37
id;4;time;20:06:56;temp;20.98
id;6;time;20:07:17;temp;20.33
id;5;time;20:07:32;temp;20.44
id;4;time;20:07:37;temp;20.96
id;3;time;20:07:46;temp;21.01
id;6;time;20:07:47;temp;20.33
id;5;time;20:07:52;temp;20.4
id;4;time;20:07:57;temp;20.94
id;3;time;20:08:07;temp;20.98
id;6;time;20:08:07;temp;20.33
id;5;time;20:08:12;temp;20.43
id;7;time;20:08:16;temp;18.47
id;4;time;20:08:18;temp;20.96
id;3;time;20:08:27;temp;21.01
id;6;time;20:08:28;temp;20.35
id;7;time;20:08:36;temp;18.55
id;4;time;20:08:38;temp;20.94
id;3;time;20:08:48;temp;20.99
id;5;time;20:08:53;temp;20.43
id;6;time;20:08:58;temp;20.34
id;4;time;20:08:59;temp;20.96
id;7;time;20:09:07;temp;18.46
id;5;time;20:09:33;temp;20.4
id;3;time;20:09:39;temp;20.99
id;4;time;20:09:39;temp;20.92
id;6;time;20:09:59;temp;20.37
id;7;time;20:10:07;temp;18.5
id;3;time;20:11:00;temp;20.99
id;5;time;20:11:14;temp;20.44
id;4;time;20:11:41;temp;20.95
id;6;time;20:11:59;temp;20.34
id;3;time;20:13:53;temp;21.02
id;6;time;20:18:01;temp;20.35
id;4;time;20:18:04;temp;20.94
id;5;time;20:18:06;temp;20.44
id;7;time;20:18:30;temp;18.46
id;3;time;20:18:57;temp;20.98
id;5;time;20:19:06;temp;20.43
id;6;time;20:19:12;temp;20.3
id;4;time;20:19:15;temp;20.96
id;7;time;20:20:01;temp;18.46
id;3;time;20:20:49;temp;20.98
id;6;time;20:20:52;temp;20.31
id;4;time;20:20:56;temp;20.96
id;5;time;20:20:57;temp;20.44
id;7;time;20:21:31;temp;18.47
id;3;time;20:22:20;temp;21.01
id;6;time;20:22:23;temp;20.34
id;4;time;20:22:47;temp;20.88
id;5;time;20:23:18;temp;20.43
id;7;time;20:23:22;temp;18.49
id;3;time;20:24:53;temp;21.01
id;6;time;20:25:04;temp;20.34
id;7;time;20:27:03;temp;18.49
id;3;time;20:29:27;temp;21.02
id;4;time;20:29:42;temp;20.92
id;6;time;20:30:36;temp;20.3
id;4;time;20:37:06;temp;20.86
id;6;time;20:48:31;temp;20.26
id;3;time;20:48:53;temp;21.01
id;4;time;20:49:52;temp;20.82
id;5;time;20:52:26;temp;20.32
id;7;time;20:55:02;temp;18.33
id;3;time;21:00:02;temp;21.02
id;4;time;21:00:18;temp;20.77
id;7;time;21:03:45;temp;18.37
id;3;time;21:05:47;temp;21.01
id;4;time;21:06:31;temp;20.81
id;6;time;21:06:57;temp;20.17
id;5;time;21:08:50;temp;20.28
id;7;time;21:09:47;temp;18.26
id;6;time;21:11:28;temp;20.16
id;4;time;21:11:44;temp;20.77
id;5;time;21:16:42;temp;20.29
id;7;time;21:18:40;temp;18.32
id;3;time;21:22:11;temp;20.95
id;6;time;21:23:21;temp;20.14
id;4;time;21:23:31;temp;20.75
id;5;time;21:25:45;temp;20.22
id;7;time;21:26:02;temp;18.25
id;3;time;21:27:25;temp;20.97
id;6;time;21:28:33;temp;20.14
id;5;time;21:30:57;temp;20.23
id;7;time;21:32:14;temp;18.25
id;3;time;21:34:31;temp;20.99
id;6;time;21:34:55;temp;20.13
id;4;time;21:35:17;temp;20.74
id;7;time;21:39:46;temp;18.22
id;3;time;21:40:47;temp;21.01
id;4;time;21:41:00;temp;20.71
id;5;time;21:42:00;temp;20.22
id;7;time;21:49:09;temp;18.18
id;7;time;22:01:04;temp;18.12
id;5;time;22:04:26;temp;20.22
id;5;time;22:12:48;temp;20.18
id;7;time;22:14:38;temp;18.12
id;3;time;22:15:44;temp;21.06
id;4;time;22:17:38;temp;20.71
id;5;time;22:39:36;temp;20.09
id;3;time;22:45:09;temp;20.99
id;4;time;22:54:57;temp;20.61
id;5;time;22:55:10;temp;20.05
id;7;time;22:57:01;temp;17.95
id;3;time;22:58:19;temp;20.9
id;6;time;22:58:39;temp;20.12
id;4;time;22:59:20;temp;20.58
id;5;time;23:00:42;temp;20.02
id;7;time;23:03:03;temp;17.97
id;6;time;23:04:30;temp;20.02
id;3;time;23:05:05;temp;20.93
id;4;time;23:05:33;temp;20.57
id;5;time;23:06:03;temp;20.01
id;6;time;23:06:21;temp;20.07
id;7;time;23:06:24;temp;17.95
id;3;time;23:06:26;temp;20.87
id;4;time;23:08:15;temp;20.5
id;5;time;23:10:05;temp;20.01
id;3;time;23:11:00;temp;20.83
id;6;time;23:12:23;temp;20.04
id;7;time;23:12:26;temp;17.92
id;4;time;23:15:29;temp;20.52
id;5;time;23:22:08;temp;20.01
id;3;time;23:24:21;temp;20.78
id;6;time;23:28:17;temp;19.97
id;4;time;23:28:26;temp;20.43
id;7;time;23:29:21;temp;17.83
id;5;time;23:45:55;temp;19.91
id;3;time;23:46:19;temp;20.69
id;6;time;23:47:43;temp;19.89
id;7;time;23:50:37;temp;17.73
id;4;time;23:51:17;temp;20.39
id;5;time;23:56:48;temp;19.84
id;3;time;23:58:39;temp;20.63
id;6;time;0:00:07;temp;19.9
id;7;time;0:01:51;temp;17.7
id;4;time;0:01:53;temp;20.41
id;5;time;0:09:01;temp;19.89
id;3;time;0:16:24;temp;20.6
id;6;time;0:26:24;temp;19.77
id;7;time;0:31:30;temp;17.54
id;4;time;0:32:29;temp;20.33
id;5;time;0:36:49;temp;19.79
id;5;time;0:44:01;temp;19.77
id;3;time;1:06:24;temp;20.44
id;4;time;1:06:46;temp;20.26
id;7;time;1:08:02;temp;17.36
id;7;time;2:56:45;temp;16.85
id;4;time;2:59:04;temp;20.16
id;3;time;2:59:05;temp;20.36
id;6;time;2:59:16;temp;19.58
id;5;time;3:11:21;temp;19.77
id;7;time;3:17:11;temp;16.81
id;3;time;3:21:24;temp;20.26
id;6;time;3:23:03;temp;19.52
id;4;time;3:23:46;temp;20.12
id;6;time;4:07:56;temp;19.45
id;3;time;4:13:46;temp;20.22
id;4;time;4:15:53;temp;20.08
id;7;time;4:46:39;temp;16.48
id;5;time;4:54:57;temp;19.72
id;3;time;5:16:37;temp;20.23
id;4;time;5:17:55;temp;19.96
id;6;time;5:18:36;temp;19.34
id;7;time;5:27:12;temp;16.26
id;5;time;5:29:56;temp;19.68
id;6;time;5:39:52;temp;19.34
id;4;time;5:41:47;temp;19.96
id;3;time;5:43:09;temp;20.19
id;7;time;5:52:10;temp;16.13
id;5;time;6:17:49;temp;19.54
id;4;time;6:37:36;temp;19.92
id;3;time;6:38:13;temp;20.16
id;6;time;6:38:19;temp;19.33
id;7;time;6:43:37;temp;15.97
id;5;time;6:47:07;temp;19.5
id;4;time;6:50:43;temp;19.91
id;6;time;6:51:33;temp;19.28
id;3;time;6:51:34;temp;20.18
id;5;time;7:04:21;temp;19.62
id;3;time;7:07:59;temp;20.16
id;6;time;7:09:28;temp;19.27
id;4;time;7:09:33;temp;19.98
id;7;time;7:20:19;temp;15.86
id;5;time;7:29:28;temp;19.62
id;4;time;7:34:26;temp;20.02
id;6;time;7:36:46;temp;19.21
id;3;time;7:37:32;temp;20.18
id;7;time;7:38:55;temp;15.73
id;6;time;7:43:18;temp;19.64
id;5;time;7:46:23;temp;19.61
id;3;time;7:56:59;temp;20.26
id;4;time;7:57:38;temp;20.01
id;7;time;7:59:12;temp;15.65
id;6;time;8:02:13;temp;19.75
id;5;time;8:07:28;temp;19.61
id;4;time;8:10:25;temp;20.01
id;3;time;8:11:21;temp;20.27
id;7;time;8:16:08;temp;15.61
id;6;time;8:18:08;temp;19.56
id;5;time;8:22:12;temp;19.6
id;4;time;8:25:53;temp;20.02
id;7;time;8:39:35;temp;15.64
id;6;time;8:44:35;temp;19.4
id;5;time;8:51:10;temp;19.61
id;3;time;8:57:19;temp;20.29
id;4;time;8:59:20;temp;20.01
id;3;time;9:26:12;temp;20.3
id;3;time;9:39:54;temp;20.29
id;7;time;9:41:45;temp;15.57
id;6;time;9:42:31;temp;19.27
id;5;time;9:47:45;temp;19.56
id;3;time;9:51:03;temp;20.29
id;4;time;9:52:07;temp;20.08
id;7;time;9:54:50;temp;15.6
id;6;time;9:55:26;temp;19.24
id;5;time;9:59:28;temp;19.61
id;4;time;10:55:20;temp;20.12
id;7;time;11:08:04;temp;15.61
id;6;time;11:08:46;temp;19.21
id;6;time;11:30:52;temp;19.24
id;7;time;11:48:47;temp;15.75
id;3;time;11:59:17;temp;20.42
id;5;time;12:25:06;temp;19.67
id;6;time;12:39:52;temp;19.45
id;7;time;12:40:24;temp;15.99
id;3;time;12:43:43;temp;20.61
id;4;time;12:45:36;temp;20.26
id;5;time;13:07:18;temp;19.16
id;6;time;13:31:57;temp;19.48
id;7;time;13:44:14;temp;16.36
id;3;time;13:51:17;temp;21.11
id;4;time;13:51:40;temp;20.48
id;5;time;13:51:59;temp;19.26
id;6;time;14:01:55;temp;19.38
id;7;time;14:02:20;temp;16.57
id;5;time;14:03:33;temp;19.32
id;3;time;14:05:18;temp;21.36
id;4;time;14:05:27;temp;20.61
id;7;time;14:29:49;temp;16.98
id;6;time;14:42:07;temp;19.76
id;5;time;14:58:17;temp;19.51
id;3;time;14:58:51;temp;21.56
id;4;time;14:58:54;temp;20.79
id;7;time;15:12:43;temp;17.39
id;4;time;15:19:25;temp;20.85
id;3;time;15:23:01;temp;21.53
id;6;time;15:39:53;temp;20.04
id;6;time;12:40:42;temp;19.48
id;4;time;12:42:29;temp;20.19
id;6;time;12:56:17;temp;19.48
id;6;time;13:05:40;temp;19.49
id;4;time;13:07:23;temp;20.22
id;3;time;13:07:26;temp;20.58
id;5;time;13:07:37;temp;20.05
id;7;time;13:07:37;temp;16.85
id;6;time;13:25:56;temp;19.56
id;3;time;13:28:13;temp;20.69
id;4;time;13:28:13;temp;20.2
id;7;time;13:30:35;temp;16.85
id;5;time;13:31:02;temp;20.08
id;6;time;13:53:23;temp;19.59
id;6;time;14:03:57;temp;19.61
id;5;time;14:05:02;temp;20.08
id;3;time;14:05:44;temp;20.61
id;4;time;14:06:13;temp;20.22
id;4;time;14:11:26;temp;20.22
id;5;time;14:11:54;temp;20.09
id;3;time;14:11:59;temp;20.55
id;7;time;14:12:17;temp;16.82
id;7;time;14:30:03;temp;16.87
id;5;time;14:42:11;temp;20.07
id;3;time;14:42:24;temp;20.61
id;7;time;14:42:27;temp;16.89
id;4;time;14:42:32;temp;20.31
id;6;time;14:59:53;temp;19.61
id;5;time;15:06:28;temp;20.14
id;3;time;15:07:04;temp;20.67
id;7;time;15:07:25;temp;16.91
id;4;time;15:25:34;temp;20.34
id;6;time;15:26:40;temp;19.65
id;5;time;15:32:04;temp;20.11
id;3;time;15:32:45;temp;20.74
id;7;time;15:33:03;temp;17.08
id;4;time;15:35:30;temp;20.34
id;6;time;15:57:29;temp;19.73
id;3;time;16:56:42;temp;20.81
id;6;time;17:10:29;temp;19.83
id;5;time;17:19:22;temp;20.26
id;3;time;17:20:01;temp;20.88
id;7;time;17:20:06;temp;17.85
id;4;time;17:21:14;temp;20.59
id;4;time;17:48:08;temp;20.65
id;7;time;18:15:43;temp;18.3
id;5;time;18:16:57;temp;20.36
id;3;time;18:16:57;temp;20.91
id;6;time;18:27:50;temp;19.96
id;4;time;18:34:22;temp;20.7
id;7;time;18:37:59;temp;18.53
id;13;time;18:38:37;temp;23.98
id;13;time;18:39:50;temp;23.47
id;13;time;18:40:48;temp;22.96
id;13;time;18:42:06;temp;22.45
id;5;time;18:42:24;temp;20.47
id;3;time;18:43:18;temp;20.85
id;13;time;18:44:07;temp;21.94
id;13;time;18:47:15;temp;21.43
id;13;time;18:52:20;temp;20.89
id;5;time;18:52:46;temp;20.64
id;6;time;18:55:58;temp;20.02
id;4;time;18:56:13;temp;20.62
id;5;time;19:07:50;temp;20.59
id;13;time;19:12:25;temp;20.38
id;6;time;19:27:17;temp;20.03
id;5;time;19:27:25;temp;20.61
id;4;time;19:28:00;temp;20.64
id;13;time;19:31:42;temp;20.47
id;10000;time;19:48:38;temp;21.02
id;14;time;20:00:02;temp;21.64
id;14;time;20:00:09;temp;21.84
id;14;time;20:00:12;temp;22.08
id;14;time;20:00:40;temp;23.03
id;14;time;20:00:46;temp;23.3
id;14;time;20:00:49;temp;23.58
id;14;time;20:01:08;temp;23.72
id;14;time;20:02:09;temp;23.07
id;14;time;20:03:09;temp;22.55
id;14;time;20:06:53;temp;21.43
id;14;time;20:09:12;temp;20.9
id;14;time;20:12:44;temp;20.39
id;14;time;20:16:40;temp;19.81
id;5;time;20:18:18;temp;20.5
id;13;time;20:18:35;temp;20.37
id;6;time;20:22:32;temp;19.93
id;14;time;21:34:49;temp;18.61
id;7;time;21:35:20;temp;18.09
id;3;time;21:35:47;temp;20.9
id;5;time;21:36:18;temp;20.38
id;3;time;21:46:26;temp;20.87
id;3;time;22:13:28;temp;20.85
id;14;time;22:13:59;temp;18.54
id;3;time;22:39:49;temp;20.93
id;14;time;22:40:16;temp;18.51
id;5;time;22:56:08;temp;20.18
id;13;time;23:07:24;temp;20.26
id;4;time;23:11:54;temp;20.34
id;6;time;23:12:08;temp;19.87
id;7;time;23:23:43;temp;17.74
id;3;time;23:23:45;temp;20.73
id;14;time;23:24:36;temp;18.38
id;5;time;23:25:47;temp;20.18
id;13;time;23:40:52;temp;20.24
id;6;time;23:43:38;temp;19.82
id;4;time;23:58:38;temp;20.23
id;7;time;0:19:09;temp;17.57
id;3;time;0:19:20;temp;20.51
id;5;time;0:20:41;temp;19.99
id;14;time;0:20:51;temp;18.32
id;4;time;0:23:01;temp;20.15
id;13;time;0:23:42;temp;20.17
id;6;time;0:24:29;temp;19.66
id;7;time;1:00:32;temp;17.41
id;3;time;1:01:14;temp;20.37
id;14;time;1:01:51;temp;18.21
id;5;time;1:02:22;temp;19.92
id;4;time;1:03:12;temp;20.08
id;6;time;1:03:19;temp;19.55
id;13;time;1:03:22;temp;20.06
id;7;time;1:06:04;temp;17.46
id;3;time;1:06:49;temp;20.39
id;14;time;1:18:46;temp;18.18
id;5;time;1:20:06;temp;19.95
id;13;time;1:20:26;temp;20.1
id;6;time;1:25:06;temp;19.52
id;4;time;1:25:34;temp;20.06
id;7;time;1:55:29;temp;17.2
id;14;time;1:55:55;temp;18.14
id;3;time;1:55:59;temp;20.37
id;5;time;1:56:16;temp;19.82
id;13;time;2:06:08;temp;20.11
id;6;time;2:06:58;temp;19.46
id;4;time;2:07:05;temp;20.02
id;7;time;2:21:47;temp;17.12
id;14;time;2:22:22;temp;18.01
id;3;time;2:22:31;temp;20.37
id;5;time;2:23:53;temp;19.84
id;13;time;2:25:23;temp;20.07
id;6;time;2:27:24;temp;19.52
id;4;time;2:28:16;temp;20.02
id;3;time;2:39:45;temp;20.29
id;7;time;2:40:23;temp;17.05
id;14;time;2:41:27;temp;17.99
id;14;time;2:56:40;temp;17.97
id;7;time;2:56:48;temp;17.05
id;3;time;2:57:00;temp;20.27
id;6;time;3:04:04;temp;19.42
id;4;time;3:04:35;temp;19.92
id;13;time;3:05:03;temp;20.08
id;13;time;3:13:05;temp;20.0
id;6;time;3:13:27;temp;19.41
id;4;time;3:13:50;temp;20.01
id;13;time;3:30:20;temp;20.04
id;4;time;3:30:59;temp;19.96
id;6;time;3:31:12;temp;19.4
id;6;time;3:37:44;temp;19.41
id;13;time;3:44:34;temp;19.99
id;4;time;3:44:57;temp;19.95
id;14;time;3:51:44;temp;17.84
id;3;time;3:51:55;temp;20.2
id;7;time;3:54:56;temp;16.87
id;5;time;3:56:17;temp;19.71
id;6;time;3:56:30;temp;19.37
id;4;time;3:56:54;temp;19.92
id;13;time;3:57:07;temp;19.99
id;7;time;4:06:19;temp;16.79
id;3;time;4:06:47;temp;20.29
id;14;time;4:07:49;temp;17.84
id;3;time;4:21:40;temp;20.26
id;7;time;4:22:04;temp;16.74
id;14;time;4:22:23;temp;17.84
id;14;time;4:43:38;temp;17.75
id;7;time;4:44:02;temp;16.65
id;3;time;4:44:39;temp;20.29
id;5;time;4:45:09;temp;19.67
id;6;time;4:45:53;temp;19.33
id;4;time;4:46:19;temp;19.83
id;13;time;4:46:28;temp;19.91
id;14;time;4:47:49;temp;17.79
id;3;time;4:48:12;temp;20.24
id;7;time;4:48:33;temp;16.72
id;5;time;4:49:01;temp;19.72
id;5;time;5:20:28;temp;19.75
id;7;time;5:24:24;temp;16.57
id;3;time;5:24:42;temp;20.26
id;14;time;5:27:10;temp;17.72
id;13;time;5:32:30;temp;19.93
id;6;time;5:33:07;temp;19.33
id;4;time;5:33:54;temp;19.86
id;4;time;5:42:49;temp;19.91
id;13;time;5:44:53;temp;19.93
id;6;time;5:45:10;temp;19.31
id;14;time;5:47:15;temp;17.69
id;3;time;5:48:21;temp;20.27
id;7;time;6:11:49;temp;16.44
id;5;time;6:13:22;temp;19.79
id;4;time;6:18:57;temp;19.83
id;6;time;6:36:15;temp;19.26
id;13;time;6:48:48;temp;19.88
id;14;time;6:53:42;temp;17.62
id;3;time;7:01:10;temp;20.22
id;7;time;7:01:24;temp;16.29
id;5;time;7:02:15;temp;19.68
id;4;time;7:04:41;temp;19.86
id;6;time;7:05:33;temp;19.26
id;13;time;7:06:12;temp;19.99
id;14;time;7:08:56;temp;17.57
id;3;time;7:16:03;temp;20.19
id;7;time;7:16:20;temp;16.23
id;5;time;7:19:30;temp;19.71
id;4;time;7:21:11;temp;19.86
id;13;time;7:21:17;temp;19.91
id;6;time;7:22:48;temp;19.27
id;3;time;7:31:06;temp;20.27
id;7;time;7:33:05;temp;16.16
id;5;time;7:35:04;temp;19.78
id;6;time;7:37:03;temp;19.27
id;4;time;7:37:09;temp;19.88
id;13;time;7:37:31;temp;19.94
id;14;time;7:40:24;temp;17.54
id;7;time;7:42:38;temp;16.15
id;3;time;7:43:46;temp;20.26
id;5;time;7:50:18;temp;19.75
id;6;time;7:51:47;temp;19.71
id;4;time;7:53:07;temp;19.91
id;13;time;7:54:05;temp;19.94
id;14;time;8:11:03;temp;17.53
id;3;time;8:15:22;temp;20.27
id;7;time;8:25:52;temp;16.06
id;6;time;8:26:47;temp;19.54
id;5;time;8:27:48;temp;19.82
id;4;time;8:39:21;temp;19.98
id;13;time;8:40:47;temp;19.83
id;14;time;8:42:10;temp;17.53
id;3;time;8:49:40;temp;20.29
id;6;time;8:56:05;temp;19.28
id;4;time;8:57:01;temp;19.95
id;5;time;8:57:05;temp;19.75
id;13;time;9:13:16;temp;19.83
id;14;time;9:14:59;temp;17.53
id;3;time;9:19:55;temp;20.27
id;7;time;9:21:40;temp;15.99
id;6;time;9:22:43;temp;19.27
id;5;time;9:24:13;temp;19.78
id;4;time;9:28:58;temp;19.95
id;13;time;9:33:11;temp;19.8
id;14;time;9:33:34;temp;17.53
id;3;time;9:54:53;temp;20.26
id;6;time;10:06:35;temp;19.27
id;7;time;10:12:06;temp;16.08
id;14;time;10:19:06;temp;17.49
id;13;time;10:20:12;temp;19.79
id;3;time;10:22:47;temp;20.26
id;6;time;10:32:13;temp;19.26
id;7;time;10:39:14;temp;16.15
id;5;time;10:39:32;temp;19.78
id;4;time;10:41:05;temp;20.05
id;14;time;10:45:33;temp;17.56
id;13;time;10:50:49;temp;19.81
id;3;time;10:55:13;temp;20.37
id;6;time;10:55:50;temp;19.34
id;7;time;10:57:00;temp;16.26
id;5;time;10:58:17;temp;19.82
id;4;time;11:02:47;temp;20.1
id;14;time;11:07:08;temp;17.59
id;13;time;11:09:25;temp;19.86
id;3;time;11:13:49;temp;20.51
id;6;time;11:17:56;temp;19.42
id;7;time;11:24:09;temp;16.41
id;5;time;11:28:55;temp;19.91
id;4;time;11:34:33;temp;20.18
id;14;time;11:44:48;temp;17.63
id;13;time;11:52:25;temp;20.01
id;3;time;11:58:45;temp;20.69
id;7;time;12:14:44;temp;16.79
id;6;time;12:17:13;temp;19.64
id;5;time;12:18:18;temp;20.08
id;4;time;12:18:46;temp;20.44
id;14;time;12:20:17;temp;17.73
id;13;time;12:21:42;temp;20.11
id;3;time;12:46:43;temp;21.24
id;13;time;12:48:09;temp;20.2
id;7;time;12:56:48;temp;17.3
id;13;time;13:41:52;temp;20.44
id;7;time;13:48:03;temp;17.81
id;6;time;13:52:29;temp;20.14
id;4;time;14:01:39;temp;20.95
id;3;time;14:03:25;temp;21.5
id;5;time;14:17:58;temp;20.59
id;14;time;14:34:51;temp;18.24
id;6;time;15:07:30;temp;20.42
id;5;time;15:12:11;temp;20.74
id;13;time;15:14:34;temp;20.74
id;4;time;15:15:26;temp;21.05
id;7;time;15:18:30;temp;18.69
id;7;time;15:40:56;temp;18.94
id;4;time;15:43:30;temp;21.15
id;5;time;15:43:40;temp;20.87
id;13;time;15:43:51;temp;20.85
id;7;time;16:14:57;temp;19.45
id;6;time;16:22:40;temp;20.63
id;14;time;17:10:30;temp;18.88
id;5;time;17:19:43;temp;21.39
id;5;time;17:39:49;temp;21.9
id;13;time;17:57:24;temp;20.98
id;3;time;18:32:18;temp;21.22
id;14;time;18:32:20;temp;19.07
id;5;time;18:39:54;temp;22.0
id;6;time;18:39:57;temp;20.67
id;7;time;18:42:17;temp;20.24
id;13;time;18:44:56;temp;20.93
id;4;time;18:51:25;temp;21.05
id;14;time;18:59:17;temp;19.1
id;3;time;19:01:12;temp;21.19
id;6;time;19:11:15;temp;20.67
id;5;time;19:11:41;temp;21.77
id;7;time;19:14:37;temp;20.21
id;13;time;19:14:44;temp;20.89
id;4;time;19:54:27;temp;20.99
id;14;time;19:58:22;temp;19.16
id;3;time;20:01:00;temp;20.97
id;6;time;20:11:21;temp;20.48
id;7;time;20:13:13;temp;20.17
id;13;time;20:14:18;temp;20.79
id;4;time;20:26:03;temp;21.02
id;3;time;20:32:05;temp;20.91
id;5;time;20:37:13;temp;21.39
id;6;time;20:37:29;temp;20.47
id;7;time;20:41:22;temp;20.05
id;13;time;20:44:05;temp;20.74
id;4;time;20:46:34;temp;20.92
id;3;time;20:49:19;temp;20.99
id;14;time;20:49:45;temp;19.09
id;5;time;20:56:07;temp;21.3
id;6;time;20:58:15;temp;20.35
id;7;time;20:59:57;temp;20.01
id;13;time;21:00:29;temp;20.69
id;4;time;21:05:04;temp;20.88
id;3;time;21:06:43;temp;21.01
id;5;time;21:12:32;temp;21.15
id;7;time;21:16:21;temp;19.94
id;13;time;21:17:23;temp;20.67
id;6;time;21:21:11;temp;20.34
id;4;time;21:29:06;temp;20.85
id;3;time;21:30:43;temp;21.02
id;14;time;21:31:35;temp;19.01
id;14;time;21:34:47;temp;19.68
id;5;time;21:34:58;temp;21.1
id;7;time;21:39:08;temp;19.85
id;13;time;21:40:39;temp;20.6
id;6;time;21:42:27;temp;20.27
id;14;time;21:45:10;temp;19.18
id;4;time;21:51:17;temp;20.77
id;5;time;22:03:45;temp;20.97
id;7;time;22:06:36;temp;19.72
id;13;time;22:08:26;temp;20.56
id;14;time;22:09:35;temp;18.81
id;4;time;22:11:38;temp;20.73
id;5;time;22:19:09;temp;20.91
id;7;time;22:19:50;temp;19.64
id;4;time;22:27:26;temp;20.74
id;3;time;22:29:00;temp;21.02
id;5;time;22:43:15;temp;20.8
id;7;time;22:53:29;temp;19.5
id;13;time;22:53:37;temp;20.55
id;6;time;22:55:37;temp;20.17
id;14;time;22:56:27;temp;18.52
id;4;time;23:07:27;temp;20.58
id;3;time;23:09:23;temp;20.85
id;5;time;0:09:37;temp;20.46
id;7;time;0:13:23;temp;19.14
id;5;time;0:53:07;temp;20.33
id;7;time;0:57:35;temp;18.98
id;3;time;1:11:42;temp;20.51
id;4;time;1:14:32;temp;20.3
id;6;time;1:20:07;temp;19.76
id;13;time;1:21:11;temp;20.41
id;14;time;1:24:24;temp;18.24
id;7;time;1:30:35;temp;18.76
id;5;time;1:30:57;temp;20.16
id;3;time;1:38:14;temp;20.44
id;4;time;1:55:24;temp;20.22
id;6;time;1:58:37;temp;19.66
id;13;time;1:59:10;temp;20.32
id;14;time;1:59:13;temp;18.13
id;7;time;2:01:24;temp;18.64
id;5;time;2:03:36;temp;20.14
id;4;time;2:54:24;temp;20.13
id;3;time;2:54:36;temp;20.3
id;6;time;2:56:33;temp;19.56
id;14;time;2:56:47;temp;18.03
id;13;time;2:57:33;temp;20.2
id;7;time;3:00:21;temp;18.35
id;5;time;3:17:14;temp;19.93
id;7;time;4:26:57;temp;17.83
id;3;time;4:28:53;temp;20.18
id;4;time;4:29:12;temp;19.98
id;6;time;4:51:06;temp;19.38
id;14;time;4:56:29;temp;17.73
id;13;time;4:56:41;temp;20.0
id;5;time;5:01:21;temp;19.74
id;7;time;5:06:59;temp;17.63
id;3;time;5:15:41;temp;20.18
id;4;time;5:20:29;temp;19.92
id;6;time;5:25:35;temp;19.33
id;14;time;5:26:46;temp;17.63
id;5;time;5:27:48;temp;19.68
id;13;time;5:28:18;temp;19.97
id;7;time;5:37:59;temp;17.53
id;3;time;5:42:13;temp;20.13
id;4;time;5:43:42;temp;19.88
id;6;time;5:56:45;temp;19.24
id;13;time;5:58:35;temp;19.94
id;14;time;6:01:55;temp;17.54
id;13;time;6:27:12;temp;19.88
id;14;time;6:28:32;temp;17.49
id;6;time;6:28:53;temp;19.18
id;4;time;7:03:43;temp;19.81
id;7;time;7:03:44;temp;17.02
id;3;time;7:05:21;temp;20.05
id;14;time;7:08:53;temp;17.43
id;5;time;7:09:24;temp;19.56
id;13;time;7:10:03;temp;19.79
id;6;time;7:12:36;temp;19.13
id;7;time;7:27:02;temp;16.94
id;4;time;7:28:17;temp;19.79
id;3;time;7:29:31;temp;20.06
id;5;time;7:35:42;temp;19.56
id;14;time;7:35:50;temp;17.32
id;13;time;7:36:29;temp;19.8
id;6;time;7:39:14;temp;19.08
id;7;time;7:41:57;temp;16.85
id;3;time;7:46:15;temp;20.06
id;4;time;7:46:46;temp;19.79
id;5;time;8:10:30;temp;19.46
id;13;time;8:12:08;temp;19.79
id;14;time;8:12:50;temp;17.25
id;13;time;9:20:34;temp;19.79
id;5;time;9:24:40;temp;19.64
id;3;time;9:40:38;temp;20.4
id;4;time;9:43:37;temp;20.09
id;7;time;9:46:15;temp;16.7
id;6;time;9:47:40;temp;19.21
id;14;time;9:49:45;temp;17.15
id;13;time;9:51:02;temp;19.77
id;5;time;9:51:06;temp;19.58
id;3;time;9:56:32;temp;20.54
id;7;time;10:05:51;temp;16.71
id;6;time;10:06:25;temp;19.33
id;13;time;10:11:07;temp;19.81
id;5;time;10:13:53;temp;19.71
id;3;time;10:37:04;temp;20.77
id;4;time;10:44:59;temp;20.34
id;7;time;10:57:37;temp;16.85
id;6;time;11:16:55;temp;19.48
id;14;time;11:20:29;temp;17.15
id;13;time;11:21:54;temp;20.04
id;5;time;11:26:01;temp;19.84
id;3;time;11:32:29;temp;20.84
id;4;time;11:32:54;temp;20.3
id;7;time;12:09:29;temp;17.37
id;3;time;12:54:35;temp;21.35
id;7;time;12:55:53;temp;17.89
id;4;time;13:09:13;temp;20.81
id;13;time;13:16:52;temp;20.55
id;6;time;13:25:21;temp;19.41
id;14;time;13:26:12;temp;17.41
id;5;time;13:30:12;temp;20.2
id;7;time;13:35:55;temp;18.3
id;4;time;13:36:17;temp;20.86
id;3;time;13:38:10;temp;21.59
id;13;time;13:41:28;temp;20.62
id;6;time;13:43:16;temp;19.38
id;14;time;13:46:07;temp;17.46
id;5;time;13:48:57;temp;20.2
id;7;time;13:51:10;temp;18.55
id;4;time;13:55:37;temp;21.01
id;3;time;13:58:37;temp;21.76
id;13;time;14:00:02;temp;20.71
id;6;time;14:02:01;temp;19.37
id;14;time;14:04:02;temp;17.46
id;5;time;14:07:33;temp;20.35
id;7;time;14:07:45;temp;18.69
id;4;time;14:12:56;temp;21.02
id;13;time;14:15:26;temp;20.77
id;3;time;14:16:00;temp;21.77
id;6;time;14:18:46;temp;19.41
id;14;time;14:38:31;temp;17.54
id;7;time;14:43:45;temp;19.2
id;5;time;14:58:05;temp;20.42
id;4;time;14:59:30;temp;21.02
id;3;time;15:09:02;temp;21.57
id;13;time;15:09:19;temp;20.81
id;6;time;15:11:01;temp;19.44
id;7;time;15:11:34;temp;19.31
id;14;time;15:12:30;temp;17.57
id;5;time;15:18:10;temp;20.57
id;4;time;15:18:20;temp;21.06
id;13;time;15:22:12;temp;20.88
id;3;time;15:24:15;temp;21.52
id;6;time;15:25:25;temp;19.61
id;7;time;15:26:18;temp;19.46
id;14;time;15:29:14;temp;17.66
id;5;time;15:36:55;temp;20.57
id;4;time;15:39:00;temp;21.06
id;3;time;15:40:18;temp;21.45
id;13;time;15:40:46;temp;20.92
id;6;time;15:42:00;temp;19.86
id;7;time;15:42:23;temp;19.6
id;14;time;15:44:28;temp;17.73
id;5;time;15:53:20;temp;20.57
id;4;time;15:56:10;temp;20.79
id;3;time;16:02:36;temp;21.22
id;13;time;16:05:43;temp;20.98
id;6;time;16:06:26;temp;19.89
id;7;time;16:07:40;temp;19.74
id;14;time;16:10:55;temp;17.75
id;5;time;16:15:56;temp;20.53
id;4;time;16:22:13;temp;20.81
id;5;time;16:24:48;temp;21.04
id;7;time;16:25:35;temp;19.77
id;6;time;16:25:42;temp;20.02
id;13;time;16:25:58;temp;21.05
id;14;time;16:29:10;temp;17.75
id;5;time;16:32:10;temp;21.55
id;4;time;16:39:52;temp;20.89
id;3;time;16:43:29;temp;21.38
id;7;time;16:44:31;temp;19.97
id;13;time;16:45:03;temp;21.1
id;14;time;16:49:06;temp;17.84
id;5;time;17:06:09;temp;23.4
id;5;time;17:23:03;temp;24.22
id;4;time;17:31:59;temp;21.16
id;6;time;17:32:31;temp;20.89
id;5;time;17:36:36;temp;23.71
id;3;time;17:41:05;temp;21.55
id;5;time;18:04:33;temp;23.21
id;3;time;18:33:37;temp;21.65
id;5;time;18:37:42;temp;22.7
id;6;time;19:23:50;temp;20.86
id;5;time;19:27:33;temp;22.19
id;5;time;20:23:37;temp;21.68
id;13;time;20:32:38;temp;20.88
id;4;time;20:39:44;temp;21.16
id;5;time;20:43:23;temp;21.55
id;3;time;20:47:54;temp;20.94
id;14;time;20:55:48;temp;18.64
id;6;time;21:06:48;temp;20.33
id;5;time;21:52:19;temp;21.15
id;13;time;22:15:23;temp;20.56
id;6;time;22:34:32;temp;20.54
id;4;time;22:45:08;temp;20.64
id;7;time;22:46:41;temp;19.46
id;5;time;23:18:01;temp;20.64
id;7;time;23:41:27;temp;19.24
id;13;time;23:46:34;temp;20.65
id;6;time;23:49:52;temp;20.16
id;4;time;23:50:51;temp;20.51
id;6;time;0:24:22;temp;19.97
id;4;time;0:27:00;temp;20.41
id;7;time;0:28:40;temp;18.95
id;13;time;0:29:15;temp;20.55
id;14;time;0:54:09;temp;18.13
id;3;time;0:55:43;temp;20.63
id;5;time;0:56:35;temp;20.23
id;6;time;1:03:03;temp;19.8
id;13;time;1:04:23;temp;20.48
id;4;time;1:04:29;temp;20.37
id;7;time;1:04:51;temp;18.83
id;14;time;2:07:18;temp;18.01
id;5;time;2:12:14;temp;20.04
id;3;time;2:23:55;temp;20.44
id;13;time;2:31:24;temp;20.28
id;6;time;2:33:08;temp;19.62
id;7;time;2:34:37;temp;18.36
id;4;time;2:34:46;temp;20.19
id;14;time;2:41:27;temp;17.96
id;5;time;2:41:31;temp;20.05
id;3;time;2:43:01;temp;20.42
id;6;time;2:47:11;temp;19.54
id;4;time;2:48:33;temp;20.15
id;7;time;2:48:41;temp;18.28
id;13;time;2:48:48;temp;20.26
id;5;time;2:55:15;temp;19.98
id;14;time;2:55:21;temp;17.9
id;3;time;3:03:38;temp;20.37
id;6;time;3:06:07;temp;19.55
id;4;time;3:29:45;temp;20.12
id;7;time;3:30:13;temp;18.09
id;13;time;3:30:48;temp;20.21
id;5;time;3:33:36;temp;19.98
id;14;time;3:37:42;temp;17.76
id;3;time;3:41:19;temp;20.37
id;6;time;3:46:18;temp;19.45
id;4;time;3:48:45;temp;20.15
id;7;time;3:50:59;temp;18.02
id;13;time;3:52:23;temp;20.17
id;14;time;3:59:48;temp;17.76
id;5;time;4:02:04;temp;19.95
id;3;time;4:04:18;temp;20.42
id;6;time;4:10:46;temp;19.49
id;7;time;4:15:47;temp;17.91
id;13;time;4:16:29;temp;20.11
id;4;time;4:16:50;temp;20.09
id;14;time;4:20:43;temp;17.72
id;5;time;4:21:08;temp;19.91
id;3;time;4:22:33;temp;20.39
id;6;time;4:44:55;temp;19.41
id;13;time;4:46:26;temp;20.07
id;7;time;4:52:49;temp;17.71
id;4;time;4:54:40;temp;20.05
id;5;time;4:57:18;temp;19.87
id;3;time;5:06:19;temp;20.34
id;14;time;5:06:35;temp;17.62
id;6;time;5:21:46;temp;19.4
id;13;time;5:22:44;temp;20.06
id;7;time;5:22:58;temp;17.58
id;4;time;5:23:25;temp;19.98
id;5;time;5:35:47;temp;19.84
id;3;time;5:37:24;temp;20.33
id;14;time;5:42:05;temp;17.52
id;6;time;6:05:38;temp;19.3
id;13;time;6:12:26;temp;19.99
id;7;time;6:13:33;temp;17.36
id;4;time;6:14:32;temp;19.92
id;5;time;6:23:20;temp;19.75
id;14;time;6:24:25;temp;17.49
id;3;time;6:24:33;temp;20.32
id;6;time;6:38:47;temp;19.34
id;4;time;6:53:22;temp;19.92
id;4;time;7:08:30;temp;19.88
id;6;time;7:26:11;temp;19.28
id;7;time;8:44:09;temp;16.85
id;6;time;10:15:28;temp;19.2
id;4;time;10:21:40;temp;20.05
id;13;time;10:21:45;temp;19.83
id;5;time;10:29:43;temp;19.85
id;3;time;10:35:47;temp;20.46
id;14;time;10:36:00;temp;17.22
id;6;time;10:55:40;temp;19.15
id;13;time;10:59:53;temp;19.9
id;4;time;11:00:21;temp;20.08
id;7;time;11:02:22;temp;16.94
id;5;time;11:06:32;temp;19.88
id;3;time;11:08:14;temp;20.48
id;14;time;11:08:29;temp;17.19
id;6;time;11:15:05;temp;19.28
id;4;time;11:15:59;temp;20.02
id;13;time;11:16:38;temp;19.84
id;7;time;11:17:07;temp;17.02
id;5;time;11:19:56;temp;19.89
id;3;time;11:23:27;temp;20.46
id;14;time;11:29:15;temp;17.18
id;6;time;11:30:39;temp;19.33
id;4;time;11:33:28;temp;20.01
id;13;time;11:33:42;temp;19.83
id;7;time;11:34:12;temp;17.03
id;5;time;11:38:11;temp;19.92
id;3;time;11:44:04;temp;20.44
id;14;time;11:48:30;temp;17.19
id;6;time;11:51:26;temp;19.51
id;13;time;11:52:16;temp;19.87
id;4;time;11:54:19;temp;20.03
id;7;time;11:55:39;temp;17.05
id;6;time;11:56:07;temp;20.02
id;5;time;11:58:37;temp;20.02
id;3;time;11:59:07;temp;20.47
id;14;time;12:07:55;temp;17.21
id;13;time;12:10:21;temp;19.8
id;6;time;12:19:03;temp;19.49
id;4;time;12:24:15;temp;19.95
id;3;time;12:31:43;temp;20.53
id;5;time;12:31:54;temp;20.35
id;14;time;12:45:05;temp;17.25
id;6;time;12:50:13;temp;19.59
id;5;time;12:53:30;temp;20.86
id;7;time;13:06:32;temp;17.05
id;4;time;13:08:08;temp;20.13
id;3;time;13:11:56;temp;20.75
id;5;time;13:19:07;temp;21.14
id;5;time;13:28:59;temp;21.65
id;4;time;13:35:53;temp;20.34
id;7;time;13:36:10;temp;17.25
id;3;time;13:39:08;temp;20.97
id;14;time;13:46:51;temp;17.39
id;5;time;13:56:37;temp;21.68
id;6;time;13:57:41;temp;20.0
id;13;time;13:58:09;temp;20.16
id;7;time;13:59:18;temp;17.29
id;4;time;14:01:36;temp;20.43
id;3;time;14:02:38;temp;20.94
id;14;time;14:07:37;temp;17.39
id;5;time;14:11:31;temp;21.53
id;6;time;14:21:29;temp;20.0
id;7;time;14:25:16;temp;17.37
id;13;time;14:26:45;temp;20.2
id;4;time;14:27:20;temp;20.43
id;3;time;14:40:48;temp;20.93
id;14;time;14:49:48;temp;17.42
id;5;time;15:12:56;temp;21.37
id;6;time;15:15:03;temp;20.02
id;7;time;15:18:22;temp;17.53
id;4;time;15:23:08;temp;20.46
id;3;time;15:27:06;temp;21.06
id;14;time;15:32:09;temp;17.52
id;5;time;15:39:33;temp;21.24
id;6;time;15:41:01;temp;20.16
id;7;time;15:41:49;temp;17.68
id;4;time;15:44:09;temp;20.48
id;13;time;15:44:24;temp;20.3
id;3;time;15:45:21;temp;21.09
id;14;time;15:46:13;temp;17.59
id;5;time;15:57:37;temp;21.25
id;6;time;16:00:46;temp;20.03
id;13;time;16:06:19;temp;20.31
id;3;time;16:13:33;temp;21.16
id;4;time;16:14:05;temp;20.46
id;14;time;16:18:01;temp;17.59
id;5;time;16:27:14;temp;21.11
id;7;time;16:58:03;temp;17.98
id;6;time;16:59:12;temp;19.96
id;3;time;17:05:15;temp;20.99
id;14;time;17:15:06;temp;17.68
id;7;time;17:43:57;temp;17.92
id;3;time;17:54:05;temp;20.91
id;4;time;17:54:07;temp;20.36
id;13;time;17:54:26;temp;20.17
id;14;time;17:55:57;temp;17.68
id;6;time;18:06:51;temp;19.85
id;4;time;18:12:37;temp;20.34
id;13;time;18:14:10;temp;20.16
id;3;time;18:14:52;temp;20.84
id;5;time;18:24:25;temp;20.69
id;6;time;18:26:57;temp;19.75
id;7;time;18:29:21;temp;17.8
id;13;time;18:58:01;temp;20.14
id;4;time;19:00:01;temp;20.29
id;14;time;19:03:04;temp;17.73
id;5;time;19:08:35;temp;20.61
id;6;time;19:11:40;temp;19.69
id;7;time;19:25:07;temp;17.68
id;3;time;19:29:53;temp;20.87
id;13;time;19:30:09;temp;20.06
id;14;time;19:36:43;temp;17.68
id;5;time;19:57:37;temp;20.51
id;6;time;20:05:25;temp;19.61
id;13;time;20:20:51;temp;19.99
id;4;time;20:22:44;temp;20.33
id;14;time;20:27:56;temp;17.68
id;5;time;20:37:48;temp;20.43
id;7;time;21:52:12;temp;17.34
id;4;time;21:54:42;temp;20.23
id;13;time;21:57:03;temp;19.97
id;3;time;21:58:24;temp;20.66
id;5;time;22:56:23;temp;20.2
id;6;time;22:58:23;temp;19.54
id;7;time;22:59:02;temp;17.1
id;4;time;23:02:57;temp;20.22
id;13;time;23:03:19;temp;20.01
id;14;time;23:05:48;temp;17.54
id;3;time;23:07:30;temp;20.8
id;5;time;23:12:57;temp;20.14
id;6;time;23:14:57;temp;19.58
id;7;time;23:18:28;temp;17.03
id;13;time;23:21:53;temp;20.03
id;4;time;23:22:58;temp;20.19
id;14;time;23:25:12;temp;17.53
id;3;time;23:25:14;temp;20.67
id;5;time;23:35:12;temp;20.12
id;7;time;23:37:24;temp;17.01
id;6;time;23:37:34;temp;19.55
id;13;time;23:38:07;temp;20.07
id;4;time;23:44:29;temp;20.12
id;14;time;23:50:29;temp;17.46
id;3;time;23:51:26;temp;20.48
id;5;time;23:54:58;temp;20.09
id;7;time;23:59:52;temp;16.92
id;6;time;0:00:11;temp;19.42
id;13;time;0:02:03;temp;20.03
id;4;time;0:03:09;temp;20.09
id;14;time;0:06:54;temp;17.46
id;3;time;0:08:00;temp;20.46
id;5;time;0:19:54;temp;19.99
id;7;time;0:20:08;temp;16.85
id;6;time;0:21:06;temp;19.41
id;13;time;0:26:29;temp;20.0
id;4;time;0:28:12;temp;20.02
id;14;time;0:30:00;temp;17.46
id;3;time;0:31:09;temp;20.36
id;5;time;0:47:42;temp;19.93
id;7;time;0:49:17;temp;16.68
id;6;time;0:53:16;temp;19.3
id;13;time;1:00:27;temp;19.96
id;4;time;1:00:39;temp;19.92
id;3;time;1:05:37;temp;20.27
id;14;time;1:06:10;temp;17.36
id;5;time;1:17:59;temp;19.91
id;7;time;1:18:47;temp;16.55
id;6;time;1:19:33;temp;19.27
id;13;time;1:32:55;temp;19.9
id;4;time;1:34:07;temp;19.91
id;14;time;1:37:08;temp;17.32
id;3;time;1:45:40;temp;20.22
id;5;time;1:55:19;temp;19.68
id;6;time;2:01:45;temp;19.17
id;7;time;2:02:01;temp;16.39
id;13;time;2:08:54;temp;19.87
id;4;time;2:12:27;temp;19.85
id;14;time;2:13:58;temp;17.26
id;3;time;2:16:46;temp;20.2
id;5;time;2:24:26;temp;19.71
id;7;time;2:24:58;temp;16.23
id;6;time;2:25:22;temp;19.18
id;4;time;2:30:07;temp;19.83
id;13;time;2:30:59;temp;19.87
id;14;time;2:31:02;temp;17.21
id;3;time;2:33:50;temp;20.23
id;5;time;2:39:40;temp;19.65
id;6;time;2:41:47;temp;19.17
id;7;time;2:43:14;temp;16.16
id;4;time;2:53:19;temp;19.79
id;13;time;2:54:25;temp;19.81
id;14;time;2:54:49;temp;17.11
id;3;time;2:57:30;temp;20.16
id;5;time;3:05:58;temp;19.69
id;7;time;3:06:42;temp;16.03
id;6;time;3:06:54;temp;19.11
id;4;time;3:08:27;temp;19.78
id;13;time;3:08:58;temp;19.83
id;14;time;3:10:33;temp;17.15
id;3;time;3:13:34;temp;20.13
id;5;time;3:19:11;temp;19.58
id;7;time;3:19:46;temp;16.0
id;6;time;3:19:48;temp;19.1
id;4;time;3:23:45;temp;19.75
id;13;time;3:24:52;temp;19.8
id;14;time;3:26:58;temp;17.09
id;3;time;3:30:17;temp;20.11
id;7;time;3:34:20;temp;15.99
id;5;time;3:34:25;temp;19.57
id;6;time;3:34:32;temp;19.1
id;4;time;3:38:13;temp;19.76
id;14;time;3:46:53;temp;17.08
id;13;time;3:47:58;temp;19.75
id;3;time;3:49:43;temp;20.09
id;5;time;3:59:22;temp;19.54
id;7;time;4:00:09;temp;15.81
id;6;time;4:00:50;temp;19.03
id;4;time;4:17:34;temp;19.71
id;14;time;4:18:12;temp;16.98
id;13;time;4:18:25;temp;19.69
id;3;time;4:20:49;temp;20.09
id;5;time;4:25:48;temp;19.48
id;7;time;4:26:38;temp;15.73
id;6;time;4:27:48;temp;18.99
id;13;time;4:33:19;temp;19.67
id;4;time;4:33:42;temp;19.67
id;14;time;4:34:46;temp;16.94
id;3;time;4:37:43;temp;20.09
id;5;time;4:40:33;temp;19.5
id;6;time;4:40:41;temp;18.96
id;7;time;4:40:43;temp;15.62
id;4;time;4:43:07;temp;19.69
id;13;time;4:44:02;temp;19.67
id;14;time;4:48:40;temp;16.95
id;3;time;4:53:57;temp;20.01
id;5;time;5:00:38;temp;19.43
id;7;time;5:01:20;temp;15.55
id;6;time;5:01:47;temp;18.99
id;4;time;5:07:21;temp;19.71
id;14;time;5:09:35;temp;16.91
id;13;time;5:10:18;temp;19.66
id;3;time;5:13:54;temp;20.09
id;5;time;5:18:02;temp;19.43
id;6;time;5:21:03;temp;18.91
id;7;time;5:22:06;temp;15.45
id;4;time;5:25:20;temp;19.69
id;13;time;5:26:42;temp;19.63
id;14;time;5:27:31;temp;16.83
id;3;time;5:30:08;temp;20.02
id;5;time;5:32:57;temp;19.43
id;7;time;5:33:11;temp;15.41
id;6;time;5:34:57;temp;18.91
id;4;time;5:35:56;temp;19.67
id;13;time;5:36:05;temp;19.65
id;14;time;5:37:43;temp;16.81
id;3;time;5:39:15;temp;19.99
id;7;time;5:45:25;temp;15.34
id;5;time;5:46:41;temp;19.44
id;6;time;5:47:11;temp;18.9
id;4;time;5:51:35;temp;19.69
id;13;time;5:51:38;temp;19.65
id;14;time;5:53:37;temp;16.79
id;3;time;6:05:57;temp;20.02
id;7;time;6:09:33;temp;15.21
id;5;time;6:11:07;temp;19.4
id;6;time;6:12:39;temp;18.87
id;4;time;6:15:57;temp;19.67
id;13;time;6:18:25;temp;19.59
id;14;time;6:19:55;temp;16.71
id;3;time;6:25:04;temp;19.98
id;5;time;6:28:12;temp;19.38
id;6;time;6:29:13;temp;18.82
id;7;time;6:29:20;temp;15.17
id;4;time;6:33:27;temp;19.58
id;14;time;6:33:59;temp;16.68
id;13;time;6:34:19;temp;19.56
id;3;time;6:48:02;temp;19.99
id;5;time;6:57:30;temp;19.38
id;7;time;6:57:49;temp;15.03
id;6;time;6:59:12;temp;18.8
id;4;time;7:02:02;temp;19.65
id;13;time;7:21:30;temp;19.57
id;14;time;7:24:02;temp;16.6
id;3;time;7:38:44;temp;19.92
id;7;time;7:47:35;temp;14.85
id;6;time;7:54:17;temp;18.78
id;13;time;8:05:21;temp;19.56
id;14;time;8:21:38;temp;16.51
id;3;time;8:28:36;temp;20.05
id;7;time;8:30:40;temp;14.75
id;5;time;8:30:54;temp;19.47
id;6;time;8:31:18;temp;18.85
id;4;time;8:35:52;temp;19.78
id;13;time;8:36:38;temp;19.52
id;14;time;8:37:23;temp;16.47
id;3;time;8:41:06;temp;20.09
id;6;time;8:41:11;temp;18.89
id;5;time;8:41:37;temp;19.44
id;7;time;8:41:53;temp;14.72
id;4;time;9:18:54;temp;19.76
id;13;time;9:20:18;temp;19.5
id;14;time;9:20:44;temp;16.44
id;5;time;9:21:47;temp;19.58
id;3;time;9:31:28;temp;20.27
id;6;time;9:32:16;temp;18.96
id;7;time;9:33:51;temp;14.75
id;5;time;9:38:42;temp;19.67
id;13;time;9:40:53;temp;19.5
id;4;time;9:41:16;temp;19.75
id;14;time;9:41:20;temp;16.46
id;3;time;9:52:05;temp;20.32
id;3;time;10:00:52;temp;20.32
id;4;time;10:04:28;temp;19.72
id;14;time;10:06:16;temp;16.39
id;13;time;10:20:13;temp;19.5
id;14;time;10:21:11;temp;16.37
id;4;time;10:21:58;temp;19.79
id;3;time;10:36:52;temp;20.39
id;7;time;10:39:32;temp;14.81
id;6;time;10:43:36;temp;18.96
id;5;time;10:47:29;temp;19.84
id;13;time;10:49:30;temp;19.56
id;4;time;10:57:26;temp;19.79
id;14;time;10:57:51;temp;16.37
id;3;time;11:08:48;temp;20.53
id;7;time;11:10:32;temp;14.83
id;6;time;11:11:34;temp;19.04
id;14;time;11:25:19;temp;16.46
id;13;time;11:25:20;temp;19.65
id;3;time;11:29:25;temp;20.57
id;7;time;11:30:19;temp;14.93
id;5;time;11:33:01;temp;20.08
id;13;time;11:59:39;temp;19.7
id;4;time;12:00:20;temp;19.98
id;14;time;12:00:58;temp;16.43
id;3;time;12:18:14;temp;20.83
id;5;time;12:21:54;temp;20.2
id;7;time;12:21:56;temp;15.36
id;6;time;12:22:24;temp;19.3
id;13;time;12:29:46;temp;19.8
id;14;time;12:29:46;temp;16.56
id;4;time;12:30:46;temp;20.06
id;7;time;12:38:01;temp;15.51
id;3;time;12:40:03;temp;21.02
id;5;time;12:40:59;temp;20.18
id;6;time;12:43:11;temp;19.42
id;13;time;12:45:31;temp;19.88
id;4;time;12:47:25;temp;20.12
id;14;time;12:49:11;temp;16.58
id;7;time;12:54:37;temp;15.55
id;3;time;12:54:45;temp;20.98
id;5;time;12:56:03;temp;20.28
id;6;time;12:57:05;temp;19.45
id;13;time;13:07:26;temp;19.91
id;14;time;13:08:26;temp;16.6
id;4;time;13:09:06;temp;20.22
id;5;time;13:22:50;temp;20.25
id;6;time;14:00:22;temp;19.64
id;13;time;14:01:50;temp;19.96
id;14;time;14:04:01;temp;16.74
id;4;time;14:05:25;temp;20.3
id;7;time;14:07:41;temp;15.91
id;3;time;14:07:54;temp;20.93
id;5;time;14:10:02;temp;20.29
id;6;time;14:43:14;temp;19.65
id;13;time;14:44:01;temp;19.99
id;7;time;14:45:53;temp;16.02
id;3;time;14:45:55;temp;20.87
id;5;time;14:46:21;temp;20.23
id;6;time;15:09:01;temp;19.65
id;13;time;15:09:07;temp;20.06
id;14;time;15:10:29;temp;16.91
id;5;time;23:03:58;temp;20.4
id;6;time;23:11:37;temp;19.9
id;7;time;23:12:48;temp;17.94
id;13;time;23:14:41;temp;20.28
id;14;time;23:15:27;temp;17.84
id;4;time;23:17:24;temp;20.37
id;3;time;23:22:43;temp;20.99
id;5;time;23:33:46;temp;20.32
id;7;time;23:36:15;temp;17.89
id;6;time;23:36:53;temp;19.86
id;14;time;23:45:36;temp;17.82
id;13;time;23:45:58;temp;20.28
id;3;time;23:46:53;temp;20.87
id;4;time;23:47:50;temp;20.27
id;5;time;23:49:50;temp;20.29
id;6;time;23:50:58;temp;19.79
id;7;time;23:52:40;temp;17.85
id;14;time;0:19:04;temp;17.82
id;13;time;0:24:47;temp;20.26
id;3;time;0:29:07;temp;20.61
id;4;time;0:30:02;temp;20.15
id;5;time;0:33:32;temp;20.18
id;6;time;0:35:41;temp;19.66
id;7;time;0:37:14;temp;17.73
id;14;time;0:56:54;temp;17.76
id;13;time;0:57:15;temp;20.23
id;3;time;1:00:54;temp;20.48
id;4;time;1:00:58;temp;20.1
id;5;time;1:05:41;temp;20.04
id;7;time;1:09:23;temp;17.58
id;6;time;1:11:20;temp;19.61
id;13;time;1:16:09;temp;20.13
id;14;time;1:17:30;temp;17.73
id;3;time;1:19:29;temp;20.48
id;4;time;1:20:49;temp;20.08
id;5;time;1:29:07;temp;20.02
id;6;time;1:37:18;temp;19.54
id;7;time;1:39:03;temp;17.47
id;13;time;1:51:38;temp;20.13
id;14;time;1:53:09;temp;17.65
id;3;time;1:59:32;temp;20.36
id;4;time;2:07:23;temp;20.03
id;5;time;2:09:17;temp;19.93
id;6;time;2:10:47;temp;19.45
id;7;time;2:11:23;temp;17.37
id;14;time;2:19:36;temp;17.66
id;13;time;2:20:24;temp;20.07
id;3;time;2:22:41;temp;20.3
id;4;time;2:23:02;temp;19.96
id;5;time;2:32:33;temp;19.91
id;6;time;2:35:45;temp;19.44
id;7;time;2:38:31;temp;17.28
id;13;time;2:48:51;temp;20.01
id;14;time;2:56:36;temp;17.56
id;4;time;2:57:10;temp;19.92
id;3;time;2:58:00;temp;20.29
id;5;time;3:02:01;temp;19.84
id;6;time;3:02:12;temp;19.42
id;7;time;3:06:10;temp;17.12
id;13;time;3:19:48;temp;19.96
id;14;time;3:20:32;temp;17.5
id;4;time;3:21:03;temp;19.96
id;3;time;3:21:10;temp;20.26
id;5;time;3:23:06;temp;19.81
id;6;time;3:23:48;temp;19.37
id;7;time;3:35:59;temp;17.01
id;14;time;3:44:08;temp;17.49
id;4;time;3:45:35;temp;19.91
id;3;time;3:46:51;temp;20.2
id;13;time;3:47:25;temp;19.99
id;6;time;3:55:17;temp;19.33
id;5;time;3:55:55;temp;19.69
id;7;time;4:36:18;temp;16.78
id;3;time;4:50:33;temp;20.12
id;13;time;5:06:42;temp;19.87
id;4;time;5:07:49;temp;19.85
id;14;time;5:08:21;temp;17.29
id;5;time;5:11:34;temp;19.68
id;6;time;5:12:39;temp;19.18
id;7;time;5:15:11;temp;16.6
id;3;time;5:18:57;temp;20.16
id;14;time;5:20:14;temp;17.29
id;4;time;5:20:25;temp;19.85
id;13;time;5:21:16;temp;19.86
id;5;time;5:49:14;temp;19.6
id;6;time;5:50:50;temp;19.13
id;7;time;5:55:03;temp;16.44
id;3;time;5:59:00;temp;20.05
id;14;time;6:00:25;temp;17.26
id;4;time;6:04:29;temp;19.78
id;13;time;6:05:06;temp;19.81
id;5;time;6:08:39;temp;19.61
id;6;time;6:09:35;temp;19.15
id;6;time;7:32:19;temp;19.4
id;3;time;11:20:23;temp;20.55
id;4;time;11:29:58;temp;20.3
id;6;time;11:35:06;temp;19.4
id;7;time;11:40:42;temp;16.67
id;5;time;12:48:30;temp;20.15
id;7;time;12:52:14;temp;17.18
id;13;time;13:43:00;temp;20.32
id;6;time;14:27:04;temp;19.92
id;3;time;14:28:15;temp;20.77
id;13;time;14:29:51;temp;20.23
id;4;time;14:32:53;temp;20.51
id;5;time;14:35:58;temp;20.33
id;14;time;14:35:59;temp;17.41
id;7;time;14:48:19;temp;17.57
id;7;time;15:00:12;temp;17.6
id;5;time;15:01:45;temp;20.4
id;13;time;15:01:59;temp;20.3
id;14;time;15:02:35;temp;17.49
id;4;time;15:04:09;temp;20.58
id;6;time;15:18:58;temp;20.03
id;7;time;15:39:25;temp;18.05
id;13;time;15:43:29;temp;20.44
id;14;time;15:43:57;temp;17.65
id;5;time;15:44:06;temp;20.49
id;4;time;15:44:10;temp;20.74
id;3;time;15:55:56;temp;21.02
id;6;time;16:00:00;temp;20.13
id;7;time;16:26:29;temp;18.56
id;4;time;16:30:34;temp;20.75
id;14;time;16:30:59;temp;17.8
id;5;time;16:31:37;temp;20.59
id;3;time;16:34:17;temp;21.12
id;13;time;16:34:41;temp;20.58
id;6;time;16:52:04;temp;20.28
id;7;time;16:56:57;temp;18.94
id;5;time;17:02:46;temp;20.61
id;14;time;17:33:25;temp;18.03
id;4;time;17:35:27;temp;20.7
id;3;time;17:37:59;temp;20.95
id;6;time;17:41:58;temp;20.27
id;7;time;18:29:44;temp;19.08
id;5;time;18:35:39;temp;20.95
id;4;time;18:37:30;temp;20.73
id;4;time;18:48:15;temp;20.65
id;5;time;18:49:13;temp;20.97
id;7;time;19:10:06;temp;19.11
id;6;time;19:23:25;temp;20.27
id;13;time;19:24:50;temp;20.54
id;3;time;19:25:25;temp;21.01
id;14;time;19:28:04;temp;18.1
id;4;time;20:10:18;temp;20.58
id;5;time;20:11:33;temp;20.8
id;7;time;20:13:04;temp;18.98
id;6;time;20:18:20;temp;20.22
id;3;time;20:20:20;temp;20.81
id;14;time;20:24:49;temp;18.21
id;4;time;20:26:57;temp;20.61
id;5;time;20:28:38;temp;20.67
id;7;time;20:29:59;temp;18.97
id;6;time;20:34:35;temp;20.2
id;13;time;20:34:45;temp;20.44
id;4;time;20:37:12;temp;20.57
id;14;time;20:37:53;temp;18.23
id;7;time;20:39:12;temp;18.91
id;5;time;20:46:52;temp;20.69
id;7;time;20:47:25;temp;18.97
id;4;time;20:55:33;temp;20.57
id;3;time;20:58:43;temp;20.87
id;13;time;20:59:11;temp;20.38
id;14;time;21:00:19;temp;18.23
id;4;time;21:00:35;temp;20.55
id;5;time;21:01:26;temp;20.59
id;13;time;21:04:53;temp;20.45
id;3;time;21:05:59;temp;20.9
id;14;time;21:06:11;temp;18.26
id;6;time;21:06:14;temp;20.07
id;7;time;21:07:01;temp;18.83
id;5;time;21:07:48;temp;20.63
id;13;time;21:09:44;temp;20.42
id;3;time;21:10:12;temp;20.88
id;6;time;21:10:36;temp;20.09
id;14;time;21:10:42;temp;18.23
id;4;time;21:10:51;temp;20.5
id;7;time;21:11:03;temp;18.9
id;5;time;21:11:19;temp;20.57
id;13;time;21:13:16;temp;20.39
id;14;time;21:13:53;temp;18.21
id;7;time;21:13:54;temp;18.87
id;13;time;21:16:27;temp;20.39
id;7;time;21:17:55;temp;18.83
id;7;time;21:21:26;temp;18.78
id;4;time;21:22:08;temp;20.52
id;3;time;21:22:43;temp;20.87
id;14;time;21:22:45;temp;18.21
id;6;time;21:23:31;temp;20.04
id;4;time;21:29:42;temp;20.46
id;3;time;21:30:40;temp;20.83
id;6;time;21:30:43;temp;20.0
id;14;time;21:31:08;temp;18.17
id;7;time;21:33:51;temp;18.77
id;5;time;21:35:16;temp;20.56
id;3;time;21:46:44;temp;20.91
id;14;time;21:47:13;temp;18.2
id;6;time;21:47:17;temp;19.97
id;5;time;21:51:09;temp;20.46
id;13;time;21:58:26;temp;20.34
id;4;time;21:59:28;temp;20.52
id;14;time;22:00:06;temp;18.18
id;6;time;22:00:11;temp;20.02
id;3;time;22:00:45;temp;20.9
id;5;time;22:10:45;temp;20.4
id;5;time;22:16:37;temp;20.42
id;14;time;22:20:21;temp;18.2
id;7;time;22:20:44;temp;18.56
id;3;time;22:21:12;temp;20.93
id;6;time;22:22:08;temp;19.96
id;13;time;22:37:56;temp;20.3
id;4;time;22:37:59;temp;20.5
id;7;time;22:38:40;temp;18.46
id;6;time;22:38:42;temp;19.99
id;14;time;22:38:46;temp;18.21
id;3;time;22:39:06;temp;20.93
id;13;time;22:47:38;temp;20.3
id;6;time;22:47:45;temp;20.02
id;14;time;22:47:49;temp;18.21
id;4;time;22:48:04;temp;20.48
id;3;time;22:48:35;temp;20.85
id;7;time;22:48:54;temp;18.45
id;5;time;22:50:45;temp;20.3
id;4;time;22:53:47;temp;20.43
id;14;time;22:53:50;temp;18.18
id;6;time;22:53:57;temp;20.06
id;13;time;22:54:30;temp;20.34
id;3;time;22:56:11;temp;20.84
id;7;time;22:57:06;temp;18.37
id;5;time;22:58:18;temp;20.25
id;4;time;23:02:42;temp;20.46
id;13;time;23:13:35;temp;20.34
id;6;time;23:14:43;temp;19.99
id;14;time;23:15:46;temp;18.17
id;3;time;23:29:18;temp;20.66
id;7;time;23:29:26;temp;18.32
id;5;time;23:31:46;temp;20.15
id;4;time;23:39:12;temp;20.3
id;13;time;23:39:41;temp;20.28
id;6;time;23:40:10;temp;19.93
id;14;time;23:40:13;temp;18.17
id;3;time;23:42:08;temp;20.63
id;7;time;23:42:20;temp;18.22
id;5;time;23:43:49;temp;20.07
id;4;time;23:47:36;temp;20.31
id;14;time;23:48:35;temp;18.13
id;6;time;23:49:02;temp;19.85
id;13;time;23:49:03;temp;20.31
id;3;time;23:50:06;temp;20.63
id;7;time;23:58:05;temp;18.18
id;5;time;0:01:15;temp;19.98
id;4;time;0:16:21;temp;20.24
id;13;time;0:17:00;temp;20.26
id;14;time;0:17:43;temp;18.04
id;3;time;0:18:39;temp;20.53
id;6;time;0:18:41;temp;19.76
id;7;time;0:20:32;temp;18.04
id;5;time;0:20:50;temp;20.02
id;7;time;2:10:05;temp;17.57
id;5;time;2:10:47;temp;19.78
id;3;time;2:11:31;temp;20.36
id;6;time;2:12:02;temp;19.49
id;14;time;2:14:33;temp;17.87
id;4;time;2:15:03;temp;20.1
id;13;time;2:15:16;temp;20.13
id;4;time;2:21:17;temp;20.03
id;14;time;2:21:45;temp;17.86
id;13;time;2:22:08;temp;20.14
id;6;time;2:23:35;temp;19.51
id;3;time;2:24:12;temp;20.29
id;5;time;2:25:21;temp;19.72
id;7;time;2:26:19;temp;17.51
id;4;time;2:30:12;temp;20.01
id;14;time;2:32:17;temp;17.8
id;13;time;2:33:11;temp;20.04
id;3;time;2:37:13;temp;20.27
id;6;time;2:37:29;temp;19.51
id;7;time;2:39:44;temp;17.49
id;5;time;2:40:36;temp;19.69
id;4;time;2:43:19;temp;20.01
id;4;time;2:55:55;temp;19.98
id;5;time;2:59:10;temp;19.78
id;7;time;2:59:50;temp;17.4
id;6;time;3:01:07;temp;19.44
id;3;time;3:01:33;temp;20.22
id;13;time;3:02:18;temp;20.04
id;14;time;3:02:36;temp;17.76
id;14;time;3:36:44;temp;17.66
id;13;time;3:36:46;temp;20.0
id;6;time;3:37:06;temp;19.37
id;3;time;3:37:53;temp;20.23
id;7;time;3:39:32;temp;17.22
id;5;time;3:40:41;temp;19.72
id;4;time;3:43:20;temp;19.95
id;14;time;3:47:48;temp;17.68
id;13;time;3:48:29;temp;20.04
id;6;time;3:52:31;temp;19.44
id;3;time;3:53:36;temp;20.2
id;7;time;3:58:38;temp;17.1
id;5;time;3:58:56;temp;19.84
id;4;time;4:03:01;temp;19.93
id;13;time;4:11:14;temp;19.99
id;14;time;4:11:44;temp;17.62
id;3;time;4:13:43;temp;20.16
id;6;time;4:13:57;temp;19.34
id;5;time;4:17:21;temp;19.77
id;7;time;4:18:24;temp;17.06
id;4;time;4:20:51;temp;19.89
id;13;time;4:26:07;temp;19.96
id;14;time;4:29:39;temp;17.63
id;3;time;4:30:27;temp;20.2
id;6;time;4:30:32;temp;19.34
id;5;time;4:32:45;temp;19.77
id;7;time;4:33:29;temp;16.97
id;4;time;4:34:18;temp;19.91
id;13;time;4:38:41;temp;19.99
id;6;time;4:41:35;temp;19.33
id;14;time;4:41:53;temp;17.53
id;3;time;5:57:18;temp;20.09
id;5;time;6:00:57;temp;19.69
id;7;time;6:04:08;temp;16.46
id;4;time;6:07:27;temp;19.85
id;13;time;6:10:02;temp;19.83
id;14;time;6:19:58;temp;17.35
id;6;time;6:25:24;temp;19.2
id;3;time;6:37:32;temp;20.13
id;5;time;6:40:58;temp;19.5
id;7;time;6:41:10;temp;16.39
id;4;time;6:46:58;temp;19.82
id;13;time;6:47:51;temp;19.84
id;14;time;6:48:25;temp;17.31
id;6;time;6:50:52;temp;19.2
id;3;time;6:59:10;temp;20.11
id;5;time;6:59:33;temp;19.64
id;7;time;6:59:56;temp;16.29
id;4;time;7:17:54;temp;19.91
id;13;time;7:37:22;temp;19.76
id;14;time;7:39:19;temp;17.24
id;6;time;7:43:17;temp;19.08
id;5;time;7:45:55;temp;19.67
id;3;time;7:46:08;temp;20.13
id;7;time;7:46:51;temp;16.12
id;6;time;7:52:40;temp;19.59
id;4;time;7:56:45;temp;19.98
id;13;time;8:40:16;temp;19.79
id;14;time;8:41:25;temp;17.17
id;7;time;8:43:29;temp;16.09
id;3;time;8:44:06;temp;20.23
id;6;time;8:44:14;temp;19.3
id;5;time;8:44:30;temp;19.79
id;4;time;9:15:36;temp;20.19
id;13;time;9:17:55;temp;19.79
id;14;time;9:24:07;temp;17.11
id;7;time;9:40:37;temp;15.96
id;3;time;9:44:46;temp;20.27
id;6;time;9:45:01;temp;19.26
id;4;time;9:48:14;temp;20.1
id;4;time;10:01:41;temp;20.1
id;6;time;10:04:57;temp;19.23
id;3;time;10:06:04;temp;20.27
id;5;time;10:08:12;temp;19.75
id;7;time;10:09:36;temp;16.03
id;7;time;10:16:19;temp;16.03
id;5;time;10:17:25;temp;19.74
id;3;time;10:18:24;temp;20.32
id;6;time;10:18:31;temp;19.2
id;4;time;10:20:00;temp;20.19
id;14;time;10:30:34;temp;17.09
id;7;time;10:37:05;temp;16.16
id;5;time;10:37:20;temp;19.81
id;6;time;10:40:07;temp;19.26
id;4;time;10:41:02;temp;20.18
id;4;time;10:53:19;temp;20.24
id;6;time;10:54:01;temp;19.23
id;3;time;10:54:24;temp;20.36
id;5;time;10:55:34;temp;19.81
id;13;time;10:57:17;temp;19.86
id;6;time;11:08:06;temp;19.34
id;3;time;11:09:27;temp;20.43
id;5;time;11:11:39;temp;19.81
id;7;time;11:23:50;temp;16.31
id;7;time;11:31:23;temp;16.39
id;5;time;11:31:24;temp;19.82
id;6;time;11:33:33;temp;19.33
id;3;time;11:34:17;temp;20.44
id;6;time;11:53:28;temp;19.44
id;5;time;11:58:52;temp;19.87
id;7;time;12:02:03;temp;16.52
id;4;time;12:07:07;temp;20.24
id;6;time;12:08:03;temp;19.45
id;5;time;12:14:46;temp;19.88
id;7;time;12:15:37;temp;16.54
id;7;time;13:30:30;temp;16.88
id;14;time;13:30:53;temp;17.21
id;13;time;13:31:46;temp;19.91
id;13;time;13:40:58;temp;19.97
id;13;time;13:55:52;temp;20.08
id;4;time;13:58:46;temp;20.4
id;4;time;14:33:04;temp;20.37
id;7;time;14:33:09;temp;17.39
id;4;time;14:39:07;temp;20.39
id;6;time;14:40:16;temp;19.73
id;7;time;14:46:34;temp;17.44
id;3;time;14:47:56;temp;20.83
id;5;time;14:54:46;temp;20.2
id;14;time;15:08:38;temp;17.33
id;13;time;15:17:10;temp;20.21
id;4;time;15:21:40;temp;20.48
id;7;time;15:35:49;temp;17.95
id;3;time;15:47:34;temp;20.91
id;14;time;15:48:39;temp;17.43
id;5;time;15:49:00;temp;20.2
id;13;time;15:49:28;temp;20.24
id;7;time;15:49:33;temp;18.09
id;4;time;15:50:04;temp;20.55
id;7;time;16:08:59;temp;18.36
id;4;time;16:09:15;temp;20.54
id;13;time;16:09:53;temp;20.27
id;13;time;16:15:04;temp;20.32
id;4;time;16:38:50;temp;20.48
id;7;time;16:39:48;temp;18.67
id;3;time;16:40:37;temp;20.85
id;6;time;16:40:39;temp;19.86
id;14;time;16:44:54;temp;17.54
id;5;time;16:44:54;temp;20.22
id;13;time;16:46:01;temp;20.32
id;4;time;16:48:15;temp;20.47
id;7;time;16:49:31;temp;18.76
id;6;time;16:49:42;temp;19.87
id;6;time;16:58:14;temp;19.83
id;7;time;16:58:34;temp;18.66
id;7;time;17:03:26;temp;18.69
id;7;time;17:09:48;temp;18.67
id;4;time;17:20:53;temp;20.37
id;13;time;17:28:21;temp;20.28
id;14;time;17:30:16;temp;17.61
id;5;time;17:31:06;temp;20.28
id;7;time;17:31:15;temp;18.67
id;3;time;17:32:20;temp;20.73
id;6;time;17:32:24;temp;19.8
id;4;time;17:34:00;temp;20.39
id;4;time;17:56:21;temp;20.33
id;4;time;18:13:41;temp;20.3
id;13;time;18:14:11;temp;20.2
id;14;time;18:15:27;temp;17.66
id;5;time;18:15:57;temp;20.28
id;7;time;18:18:18;temp;18.53
id;3;time;18:19:17;temp;20.55
id;6;time;18:19:26;temp;19.73
id;4;time;18:25:57;temp;20.27
id;14;time;18:27:31;temp;17.71
id;5;time;18:30:42;temp;20.23
id;7;time;18:31:12;temp;18.5
id;3;time;18:31:18;temp;20.5
id;6;time;18:31:21;temp;19.71
id;4;time;18:31:50;temp;20.3
id;13;time;18:33:17;temp;20.08
id;13;time;18:37:09;temp;20.27
id;4;time;18:38:24;temp;20.26
id;6;time;18:44:24;temp;19.79
id;3;time;18:45:30;temp;20.57
id;3;time;18:51:55;temp;20.61
id;6;time;18:52:17;temp;19.76
id;4;time;18:54:13;temp;20.3
id;13;time;18:56:34;temp;20.16
id;14;time;18:56:49;temp;17.66
id;5;time;18:57:38;temp;20.18
id;13;time;19:14:49;temp;20.13
id;4;time;19:15:44;temp;20.31
id;6;time;19:16:13;temp;19.69
id;3;time;19:18:37;temp;20.53
id;7;time;19:19:57;temp;18.43
id;5;time;19:21:35;temp;20.23
id;4;time;19:23:49;temp;20.27
id;3;time;19:24:12;temp;20.5
id;7;time;19:25:59;temp;18.37
id;14;time;19:26:47;temp;17.71
id;5;time;19:27:07;temp;20.19
id;13;time;19:28:03;temp;20.07
id;6;time;19:29:38;temp;19.69
id;3;time;19:29:57;temp;20.48
id;4;time;19:30:02;temp;20.3
id;14;time;19:32:39;temp;17.73
id;5;time;19:33:18;temp;20.22
id;13;time;19:34:45;temp;20.13
id;4;time;19:35:25;temp;20.29
id;3;time;19:36:02;temp;20.46
id;7;time;19:42:44;temp;18.35
id;7;time;19:49:36;temp;18.32
id;14;time;19:50:24;temp;17.66
id;13;time;19:50:49;temp;20.1
id;6;time;19:51:34;temp;19.68
id;3;time;19:51:45;temp;20.43
id;4;time;19:51:54;temp;20.36
id;7;time;19:52:48;temp;18.35
id;5;time;19:53:03;temp;20.25
id;14;time;19:53:35;temp;17.69
id;14;time;20:01:47;temp;17.68
id;14;time;20:14:31;temp;17.72
id;13;time;20:15:16;temp;20.04
id;6;time;20:15:20;temp;19.69
id;4;time;20:17:38;temp;20.33
id;3;time;20:17:46;temp;20.44
id;7;time;20:33:00;temp;18.19
id;7;time;20:52:26;temp;18.06
id;5;time;20:52:38;temp;20.2
id;7;time;21:07:50;temp;18.09
id;7;time;21:11:21;temp;18.09
id;7;time;21:21:15;temp;18.02
id;6;time;21:21:21;temp;19.59
id;4;time;21:21:32;temp;20.2
id;5;time;21:53:35;temp;20.12
id;14;time;21:57:09;temp;17.63
id;13;time;21:58:02;temp;19.93
id;6;time;22:01:52;temp;19.52
id;5;time;22:02:08;temp;20.14
id;4;time;22:02:25;temp;20.22
id;6;time;22:06:24;temp;19.56
id;13;time;22:09:55;temp;19.97
id;14;time;22:10:03;temp;17.63
id;7;time;22:10:21;temp;17.85
id;6;time;22:10:36;temp;19.58
id;5;time;22:10:41;temp;20.11
id;4;time;22:11:00;temp;20.18
id;14;time;22:22:36;temp;17.65
id;4;time;22:25:38;temp;20.19
id;13;time;22:31:31;temp;19.97
id;7;time;22:31:47;temp;17.73
id;6;time;22:33:42;temp;19.58
id;4;time;22:33:43;temp;20.19
id;3;time;22:34:21;temp;20.78
id;5;time;22:34:37;temp;20.11
id;14;time;22:36:50;temp;17.62
id;13;time;22:36:53;temp;20.0
id;7;time;22:36:59;temp;17.76
id;6;time;22:37:54;temp;19.61
id;4;time;22:37:55;temp;20.16
id;5;time;22:38:48;temp;20.11
id;13;time;22:41:54;temp;20.04
id;7;time;22:42:01;temp;17.77
id;14;time;22:42:01;temp;17.61
id;6;time;22:42:25;temp;19.64
id;3;time;22:42:39;temp;20.74
id;5;time;22:48:21;temp;20.07
id;4;time;22:48:31;temp;20.16
id;7;time;23:04:38;temp;17.63
id;14;time;23:06:38;temp;17.57
id;13;time;23:07:01;temp;20.03
id;3;time;23:07:09;temp;20.61
id;6;time;23:07:12;temp;19.65
id;4;time;23:07:51;temp;20.13
id;5;time;23:08:06;temp;20.04
id;7;time;23:12:11;temp;17.64
id;14;time;23:12:50;temp;17.61
id;6;time;23:12:54;temp;19.65
id;13;time;23:13:03;temp;20.03
id;4;time;23:13:14;temp;20.16
id;3;time;23:13:14;temp;20.63
id;5;time;23:14:28;temp;19.99
id;7;time;23:19:33;temp;17.66
id;14;time;23:19:42;temp;17.62
id;6;time;23:19:47;temp;19.59
id;13;time;23:21:56;temp;19.97
id;4;time;23:22:00;temp;20.08
id;5;time;23:22:00;temp;19.97
id;3;time;23:22:22;temp;20.53
id;7;time;23:24:55;temp;17.6
id;14;time;23:25:24;temp;17.57
id;6;time;23:26:18;temp;19.54
id;13;time;23:26:37;temp;20.0
id;5;time;23:26:51;temp;19.97
id;3;time;23:27:06;temp;20.54
id;4;time;23:27:33;temp;20.06
id;14;time;23:33:06;temp;17.59
id;7;time;23:33:07;temp;17.57
id;5;time;23:34:34;temp;20.01
id;6;time;23:34:41;temp;19.58
id;13;time;23:34:59;temp;20.03
id;3;time;23:35:43;temp;20.51
id;4;time;23:35:57;temp;20.09
id;7;time;23:37:09;temp;17.54
id;14;time;23:37:27;temp;17.61
id;6;time;23:38:02;temp;19.54
id;5;time;23:38:05;temp;19.98
id;13;time;23:38:10;temp;20.01
id;3;time;23:38:26;temp;20.5
id;4;time;23:38:29;temp;20.03
id;14;time;23:39:08;temp;17.59
id;7;time;23:39:10;temp;17.54
id;5;time;23:40:05;temp;19.97
id;13;time;23:40:11;temp;20.01
id;6;time;23:40:23;temp;19.56
id;3;time;23:40:28;temp;20.51
id;4;time;23:40:40;temp;20.15
id;14;time;23:42:59;temp;17.53
id;7;time;23:43:21;temp;17.53
id;6;time;23:45:04;temp;19.54
id;5;time;23:45:17;temp;19.98
id;13;time;23:45:43;temp;20.0
id;4;time;23:46:23;temp;20.08
id;3;time;23:48:45;temp;20.5
id;14;time;23:50:31;temp;17.54
id;7;time;23:51:34;temp;17.51
id;5;time;23:52:30;temp;19.95
id;13;time;23:53:15;temp;20.01
id;6;time;23:53:17;temp;19.51
id;4;time;23:53:37;temp;20.03
id;3;time;23:55:00;temp;20.51
id;7;time;23:57:46;temp;17.49
id;14;time;23:57:54;temp;17.59
id;5;time;23:59:21;temp;19.92
id;6;time;0:04:10;temp;19.46
id;13;time;0:04:29;temp;19.99
id;4;time;0:04:33;temp;20.02
id;3;time;0:06:20;temp;20.42
id;14;time;0:06:26;temp;17.57
id;7;time;0:08:10;temp;17.41
id;6;time;0:10:12;temp;19.49
id;5;time;0:19:57;temp;19.84
id;13;time;0:20:03;temp;19.91
id;4;time;0:20:12;temp;19.98
id;3;time;0:21:12;temp;20.36
id;14;time;0:28:42;temp;17.52
id;7;time;0:29:36;temp;17.37
id;7;time;0:39:29;temp;17.29
id;14;time;0:41:15;temp;17.54
id;3;time;0:43:00;temp;20.34
id;5;time;0:43:53;temp;19.84
id;4;time;0:44:05;temp;19.95
id;13;time;0:44:19;temp;19.96
id;6;time;0:44:22;temp;19.38
id;7;time;0:45:21;temp;17.3
id;14;time;0:45:26;temp;17.5
id;3;time;0:45:53;temp;20.33
id;4;time;0:45:56;temp;19.95
id;5;time;0:46:14;temp;19.84
id;6;time;0:46:22;temp;19.4
id;13;time;0:46:30;temp;19.94
id;14;time;0:46:37;temp;17.54
id;7;time;0:46:52;temp;17.28
id;3;time;0:47:25;temp;20.36
id;4;time;0:47:27;temp;19.93
id;6;time;0:47:33;temp;19.4
id;5;time;0:47:35;temp;19.85
id;3;time;21:19:24;temp;20.57
id;13;time;21:19:32;temp;19.79
id;7;time;21:19:41;temp;16.62
id;6;time;21:21:53;temp;19.49
id;14;time;21:23:49;temp;18.47
id;4;time;21:25:31;temp;20.13
id;5;time;21:26:09;temp;20.39
id;3;time;21:26:30;temp;20.61
id;7;time;21:27:43;temp;16.58
id;13;time;21:28:25;temp;19.73
id;6;time;21:30:57;temp;19.44
id;14;time;21:34:02;temp;18.54
id;4;time;21:48:33;temp;20.13
id;5;time;21:48:34;temp;20.23
id;3;time;21:50:30;temp;20.61
id;7;time;21:53:21;temp;16.37
id;13;time;21:53:41;temp;19.7
id;6;time;21:59:55;temp;19.42
id;14;time;22:05:10;temp;18.51
id;4;time;22:09:15;temp;20.1
id;5;time;22:12:10;temp;20.14
id;3;time;22:15:41;temp;20.66
id;13;time;22:15:47;temp;19.69
id;7;time;22:17:09;temp;16.31
id;6;time;22:18:10;temp;19.34
id;14;time;22:22:54;temp;18.52
id;5;time;22:25:14;temp;20.18
id;3;time;22:25:29;temp;20.67
id;4;time;22:26:14;temp;20.08
id;6;time;22:46:18;temp;19.33
id;13;time;22:46:56;temp;19.69
id;7;time;22:48:18;temp;16.09
id;14;time;22:57:23;temp;18.48
id;5;time;23:30:51;temp;19.95
id;4;time;23:30:58;temp;20.03
id;3;time;23:32:34;temp;20.6
id;6;time;23:35:32;temp;19.41
id;13;time;23:38:50;temp;19.76
id;7;time;23:39:15;temp;15.83
id;14;time;23:51:27;temp;17.97
id;13;time;0:11:29;temp;19.79
id;6;time;0:19:05;temp;19.31
id;7;time;0:19:08;temp;15.6
id;14;time;0:20:34;temp;17.83
id;3;time;0:38:59;temp;20.34
id;4;time;0:41:16;temp;19.95
id;5;time;0:56:43;temp;19.51
id;14;time;1:33:24;temp;17.32
id;13;time;1:55:07;temp;19.7
id;7;time;1:55:59;temp;15.14
id;6;time;1:56:11;temp;18.99
id;14;time;1:59:51;temp;17.24
id;4;time;2:03:39;temp;19.92
id;3;time;2:06:01;temp;20.32
id;5;time;2:07:52;temp;19.38
id;6;time;3:16:34;temp;18.79
id;13;time;3:16:48;temp;19.69
id;7;time;3:16:55;temp;14.83
id;14;time;3:22:02;temp;16.95
id;4;time;3:26:54;temp;19.82
id;3;time;3:26:58;temp;20.2
id;5;time;3:28:53;temp;19.27
id;7;time;4:14:14;temp;14.66
id;6;time;4:15:31;temp;18.79
id;13;time;4:16:54;temp;19.7
id;14;time;4:54:37;temp;16.74
id;4;time;5:01:24;temp;19.85
id;3;time;5:01:26;temp;20.24
id;5;time;5:07:18;temp;19.37
id;6;time;5:19:09;temp;18.78
id;13;time;5:19:11;temp;19.79
id;7;time;5:21:26;temp;14.47
id;3;time;5:23:34;temp;20.22
id;14;time;5:30:57;temp;16.64
id;4;time;5:40:25;temp;19.83
id;5;time;5:50:00;temp;19.4
id;6;time;6:08:44;temp;18.72
id;13;time;6:09:34;temp;19.76
id;7;time;6:09:52;temp;14.37
id;13;time;6:59:58;temp;19.75
id;6;time;7:00:18;temp;18.72
id;7;time;7:00:29;temp;14.18
id;5;time;7:24:14;temp;19.3
id;4;time;7:26:01;temp;19.86
id;3;time;7:29:17;temp;20.29
id;13;time;7:33:27;temp;19.7
id;14;time;7:34:59;temp;16.43
id;6;time;7:40:00;temp;18.7
id;7;time;7:40:03;temp;14.11
id;5;time;7:47:10;temp;19.26
id;4;time;7:56:17;temp;19.83
id;3;time;7:57:11;temp;20.23
id;13;time;8:02:35;temp;19.83
id;7;time;8:05:11;temp;14.07
id;6;time;8:08:38;temp;18.76
id;14;time;8:08:39;temp;16.4
id;5;time;8:37:54;temp;19.36
id;4;time;9:33:38;temp;19.89
id;3;time;9:39:05;temp;20.32
id;7;time;10:09:42;temp;14.03
id;13;time;10:10:19;temp;19.66
id;6;time;10:12:23;temp;19.06
id;14;time;10:13:02;temp;16.37
id;5;time;10:35:14;temp;19.74
id;14;time;11:03:26;temp;16.88
id;4;time;11:08:19;temp;19.93
id;3;time;12:24:21;temp;20.7
id;13;time;12:25:55;temp;19.75
id;7;time;12:37:22;temp;14.42
id;6;time;12:38:04;temp;19.41
id;14;time;12:40:22;temp;16.68
id;5;time;12:43:16;temp;20.04
id;4;time;13:36:37;temp;20.24
id;5;time;13:45:22;temp;20.04
id;14;time;13:48:50;temp;16.74
id;6;time;13:58:27;temp;19.66
id;7;time;14:11:13;temp;14.93
id;13;time;15:07:08;temp;20.03
id;7;time;15:13:43;temp;15.44
id;3;time;15:33:25;temp;21.01
id;4;time;15:43:14;temp;20.41
id;4;time;15:59:43;temp;20.39
id;7;time;16:15:53;temp;15.96
id;4;time;16:22:55;temp;20.39
id;5;time;16:39:06;temp;20.19
id;14;time;16:40:15;temp;17.24
id;7;time;16:54:15;temp;16.47
id;14;time;17:00:31;temp;17.75
id;14;time;17:30:49;temp;18.26
id;5;time;17:33:29;temp;20.28
id;4;time;17:34:13;temp;20.36
id;7;time;17:38:49;temp;16.98
id;7;time;18:11:39;temp;17.5
id;3;time;18:14:55;temp;21.38
id;13;time;18:21:38;temp;20.28
id;6;time;18:21:48;temp;19.94
id;14;time;18:29:14;temp;18.67
id;4;time;18:37:06;temp;20.37
id;5;time;18:37:16;temp;20.35
id;3;time;18:47:21;temp;21.38
id;6;time;19:22:06;temp;19.89
id;13;time;19:22:34;temp;20.23
id;14;time;19:30:19;temp;18.86
id;5;time;19:33:10;temp;20.38
id;7;time;19:35:24;temp;17.87
id;4;time;19:42:51;temp;20.39
id;3;time;19:48:41;temp;20.99
id;6;time;19:49:53;temp;19.8
id;13;time;19:51:52;temp;20.16
id;14;time;19:54:16;temp;18.79
id;5;time;20:11:19;temp;20.32
id;7;time;20:17:46;temp;17.58
id;3;time;20:20:27;temp;20.84
id;6;time;20:21:02;temp;19.75
id;13;time;20:24:20;temp;20.13
id;4;time;20:34:18;temp;20.27
id;7;time;20:34:22;temp;17.54
id;3;time;20:38:12;temp;20.87
id;13;time;21:07:01;temp;20.1
id;14;time;21:09:25;temp;18.67
id;5;time;21:12:45;temp;20.22
id;6;time;21:14:17;temp;20.03
id;7;time;21:14:34;temp;17.2
id;3;time;21:18:35;temp;20.95
id;13;time;21:29:08;temp;20.06
id;14;time;21:38:33;temp;18.44
id;4;time;21:41:25;temp;20.26
id;7;time;21:41:52;temp;17.08
id;3;time;21:46:18;temp;21.41
id;13;time;21:48:23;temp;20.01
id;14;time;21:50:16;temp;18.37
id;5;time;21:53:37;temp;20.08
id;6;time;21:53:58;temp;19.79
id;4;time;21:56:53;temp;20.23
id;7;time;21:59:38;temp;16.99
id;3;time;22:35:17;temp;21.92
id;3;time;23:08:03;temp;21.39
id;7;time;23:19:03;temp;16.6
id;4;time;23:19:46;temp;20.2
id;14;time;23:25:30;temp;17.86
id;3;time;23:39:39;temp;20.87
id;6;time;23:58:02;temp;19.42
id;5;time;0:34:48;temp;19.79
id;3;time;0:37:37;temp;20.51
id;13;time;0:39:26;temp;19.99
id;7;time;0:40:18;temp;16.09
id;14;time;1:03:25;temp;17.5
id;4;time;1:07:03;temp;20.01
id;6;time;1:15:14;temp;19.21
id;5;time;1:15:18;temp;19.72
id;7;time;1:17:30;temp;15.89
id;3;time;1:51:17;temp;20.29
id;13;time;1:52:35;temp;19.86
id;14;time;2:06:41;temp;17.29
id;4;time;2:24:04;temp;19.92
id;6;time;2:39:08;temp;19.14
id;7;time;2:40:06;temp;15.44
id;5;time;2:40:20;temp;19.56
id;3;time;2:41:09;temp;20.22
id;13;time;2:42:28;temp;19.84
id;4;time;3:02:55;temp;19.88
id;14;time;3:04:17;temp;17.14
id;7;time;4:13:46;temp;14.93
id;5;time;5:04:37;temp;19.43
id;6;time;5:04:49;temp;18.9
id;3;time;5:16:47;temp;20.12
id;13;time;5:18:28;temp;19.72
id;7;time;5:22:58;temp;14.62
id;14;time;5:31:56;temp;16.67
id;4;time;5:33:05;temp;19.78
id;6;time;5:50:22;temp;18.85
id;5;time;5:52:40;temp;19.41
id;3;time;5:56:41;temp;20.09
id;13;time;5:57:48;temp;19.66
id;7;time;6:06:33;temp;14.45
id;14;time;6:08:36;temp;16.61
id;4;time;6:09:55;temp;19.76
id;6;time;6:15:29;temp;18.86
id;5;time;6:20:17;temp;19.41
id;3;time;6:21:01;temp;20.09
id;3;time;7:45:22;temp;20.11
id;5;time;8:02:23;temp;19.46
id;6;time;8:04:40;temp;18.87
id;4;time;8:04:56;temp;19.78
id;14;time;8:09:28;temp;16.4
id;7;time;8:13:25;temp;14.01
id;3;time;10:11:11;temp;20.63
id;14;time;10:13:22;temp;16.32
id;6;time;10:17:27;temp;19.15
id;4;time;10:19:38;temp;19.96
id;5;time;10:24:20;temp;19.67
id;13;time;10:29:47;temp;19.69
id;3;time;10:29:57;temp;20.64
id;7;time;10:40:15;temp;14.27
id;14;time;10:42:20;temp;16.4
id;6;time;11:19:35;temp;19.31
id;4;time;11:22:51;temp;20.06
id;5;time;11:24:24;temp;19.89
id;3;time;11:32:18;temp;20.69
id;13;time;11:33:13;temp;19.75
id;14;time;11:51:48;temp;16.44
id;7;time;11:51:48;temp;14.58
id;4;time;11:53:38;temp;20.13
id;6;time;11:53:55;temp;19.34
id;13;time;12:04:41;temp;19.87
id;5;time;12:06:15;temp;19.98
id;3;time;12:08:07;temp;20.97
id;7;time;12:14:16;temp;14.76
id;14;time;12:16:55;temp;16.46
id;4;time;12:27:26;temp;20.23
id;6;time;12:28:45;temp;19.56
id;13;time;12:30:18;temp;19.93
id;3;time;12:30:26;temp;21.09
id;5;time;12:30:42;temp;20.11
id;14;time;12:39:41;temp;16.5
id;7;time;12:39:55;temp;14.97
id;4;time;12:47:07;temp;20.27
id;5;time;12:57:09;temp;20.18
id;13;time;12:57:15;temp;20.0
id;3;time;13:00:09;temp;21.28
id;7;time;13:12:35;temp;15.36
id;14;time;13:12:51;temp;16.58
id;6;time;13:20:40;temp;19.72
id;4;time;13:20:44;temp;20.51
id;5;time;13:21:25;temp;20.32
id;13;time;13:22:22;temp;20.13
id;3;time;13:25:40;temp;21.49
id;7;time;13:32:32;temp;15.54
id;14;time;13:33:36;temp;16.66
id;6;time;13:36:14;temp;19.72
id;5;time;13:36:39;temp;20.35
id;4;time;13:37:24;temp;20.62
id;13;time;13:39:36;temp;20.17
id;3;time;13:41:33;temp;21.53
id;7;time;13:51:58;temp;15.71
id;14;time;13:52:51;temp;16.66
id;6;time;13:56:40;temp;19.82
id;5;time;13:56:55;temp;20.32
id;4;time;13:57:04;temp;20.71
id;13;time;13:57:10;temp;20.28
id;3;time;13:58:37;temp;21.73
id;7;time;14:18:57;temp;16.0
id;14;time;14:19:39;temp;16.74
id;6;time;14:22:57;temp;19.9
id;5;time;14:23:41;temp;20.33
id;4;time;14:24:59;temp;20.79
id;13;time;14:27:29;temp;20.41
id;3;time;14:48:07;temp;21.77
id;7;time;14:56:48;temp;16.41
id;14;time;15:00:10;temp;16.87
id;6;time;15:08:50;temp;19.93
id;4;time;15:11:33;temp;20.79
id;5;time;15:17:35;temp;20.43
id;13;time;15:18:42;temp;20.55
id;3;time;15:22:35;temp;21.62
id;7;time;15:33:30;temp;16.77
id;14;time;15:33:38;temp;16.94
id;6;time;15:37:28;temp;19.97
id;5;time;15:39:31;temp;20.38
id;4;time;15:45:01;temp;20.73
id;13;time;15:50:11;temp;20.59
id;3;time;15:53:09;temp;21.42
id;7;time;16:02:29;temp;17.19
id;14;time;16:03:47;temp;17.07
id;6;time;16:08:27;temp;19.96
id;5;time;16:10:39;temp;20.44
id;4;time;16:11:25;temp;20.75
id;13;time;16:17:29;temp;20.59
id;3;time;16:19:31;temp;21.31
id;7;time;16:24:36;temp;17.53
id;14;time;16:25:23;temp;17.15
id;6;time;16:28:12;temp;20.02
id;4;time;16:29:05;temp;20.73
id;5;time;16:31:14;temp;20.35
id;13;time;16:49:59;temp;20.55
id;3;time;16:51:38;temp;21.18
id;7;time;17:12:30;temp;17.78
id;14;time;17:17:06;temp;17.33
id;6;time;17:19:36;temp;20.02
id;4;time;17:36:40;temp;20.64
